condition_id,condition_label,interface,task_mode,form_id,answer_run_id,experiment_id,trial_id,success,submit_success,question_total,non_dropdown_total,non_dropdown_correct,dropdown_total,dropdown_confirmed_correct,dropdown_unresolved,correct_lower,correct_upper,full_fill_lower,full_fill_upper,duration_s,stop_reason,failure_category,source_summary,raw_trace_events,model_action_decisions,normalized_model_actions
direct_mcp_fill_only,Direct MCP (fill-only),direct_mcp,fill_only_done,accessibility_feedback,run_0002,qwen3vl_direct_mcp_fill_only_50_r2_20260727,trial_20260727T135946060137Z,True,False,8,7,7,1,1,0,8,8,True,True,282.968,filled_without_submit,,data/model_baselines/qwen3vl_direct_mcp_fill_only_50_r2_20260727/vlm_qwen3_vl_30b_a3b_instruct/accessibility_feedback/run_0002/trial_20260727T135946060137Z/summary.json,241,12,13
direct_mcp_fill_only,Direct MCP (fill-only),direct_mcp,fill_only_done,alumni_checkin,run_0002,qwen3vl_direct_mcp_fill_only_50_r2_20260727,trial_20260727T140429266078Z,True,False,7,7,7,0,0,0,7,7,True,True,129.733,filled_without_submit,,data/model_baselines/qwen3vl_direct_mcp_fill_only_50_r2_20260727/vlm_qwen3_vl_30b_a3b_instruct/alumni_checkin/run_0002/trial_20260727T140429266078Z/summary.json,120,7,8
direct_mcp_fill_only,Direct MCP (fill-only),direct_mcp,fill_only_done,bug_report,run_0002,qwen3vl_direct_mcp_fill_only_50_r2_20260727,trial_20260727T140639156160Z,True,False,9,8,8,1,1,0,9,9,True,True,299.876,filled_without_submit,,data/model_baselines/qwen3vl_direct_mcp_fill_only_50_r2_20260727/vlm_qwen3_vl_30b_a3b_instruct/bug_report/run_0002/trial_20260727T140639156160Z/summary.json,184,10,11
direct_mcp_fill_only,Direct MCP (fill-only),direct_mcp,fill_only_done,club_application,run_0002,qwen3vl_direct_mcp_fill_only_50_r2_20260727,trial_20260727T141139190874Z,False,False,10,10,3,0,0,0,3,3,False,False,883.134,max_steps_exceeded,max_steps_exceeded,data/model_baselines/qwen3vl_direct_mcp_fill_only_50_r2_20260727/vlm_qwen3_vl_30b_a3b_instruct/club_application/run_0002/trial_20260727T141139190874Z/summary.json,882,128,16
direct_mcp_fill_only,Direct MCP (fill-only),direct_mcp,fill_only_done,club_event_planning,run_0002,qwen3vl_direct_mcp_fill_only_50_r2_20260727,trial_20260727T142622508904Z,False,False,10,9,2,1,0,0,2,2,False,False,896.812,max_steps_exceeded,max_steps_exceeded,data/model_baselines/qwen3vl_direct_mcp_fill_only_50_r2_20260727/vlm_qwen3_vl_30b_a3b_instruct/club_event_planning/run_0002/trial_20260727T142622508904Z/summary.json,924,128,19
direct_mcp_fill_only,Direct MCP (fill-only),direct_mcp,fill_only_done,conf_interest,run_0002,qwen3vl_direct_mcp_fill_only_50_r2_20260727,trial_20260727T144119490455Z,False,False,7,7,6,0,0,0,6,6,False,False,1598.107,max_steps_exceeded,max_steps_exceeded,data/model_baselines/qwen3vl_direct_mcp_fill_only_50_r2_20260727/vlm_qwen3_vl_30b_a3b_instruct/conf_interest/run_0002/trial_20260727T144119490455Z/summary.json,1602,128,67
direct_mcp_fill_only,Direct MCP (fill-only),direct_mcp,fill_only_done,conference_travel,run_0002,qwen3vl_direct_mcp_fill_only_50_r2_20260727,trial_20260727T150757770375Z,False,False,10,9,6,1,0,0,6,6,False,False,689.48,max_steps_exceeded,max_steps_exceeded,data/model_baselines/qwen3vl_direct_mcp_fill_only_50_r2_20260727/vlm_qwen3_vl_30b_a3b_instruct/conference_travel/run_0002/trial_20260727T150757770375Z/summary.json,747,128,9
direct_mcp_fill_only,Direct MCP (fill-only),direct_mcp,fill_only_done,course_enrollment,run_0002,qwen3vl_direct_mcp_fill_only_50_r2_20260727,trial_20260727T151927412127Z,True,False,8,7,7,1,1,0,8,8,True,True,256.876,filled_without_submit,,data/model_baselines/qwen3vl_direct_mcp_fill_only_50_r2_20260727/vlm_qwen3_vl_30b_a3b_instruct/course_enrollment/run_0002/trial_20260727T151927412127Z/summary.json,246,15,14
direct_mcp_fill_only,Direct MCP (fill-only),direct_mcp,fill_only_done,course_feedback,run_0002,qwen3vl_direct_mcp_fill_only_50_r2_20260727,trial_20260727T152344449982Z,False,False,9,9,6,0,0,0,6,6,False,False,797.477,max_steps_exceeded,max_steps_exceeded,data/model_baselines/qwen3vl_direct_mcp_fill_only_50_r2_20260727/vlm_qwen3_vl_30b_a3b_instruct/course_feedback/run_0002/trial_20260727T152344449982Z/summary.json,833,128,12
direct_mcp_fill_only,Direct MCP (fill-only),direct_mcp,fill_only_done,data_annotation,run_0002,qwen3vl_direct_mcp_fill_only_50_r2_20260727,trial_20260727T153702168406Z,False,False,9,8,4,1,1,0,5,5,False,False,774.336,max_steps_exceeded,max_steps_exceeded,data/model_baselines/qwen3vl_direct_mcp_fill_only_50_r2_20260727/vlm_qwen3_vl_30b_a3b_instruct/data_annotation/run_0002/trial_20260727T153702168406Z/summary.json,831,128,14
direct_mcp_fill_only,Direct MCP (fill-only),direct_mcp,fill_only_done,dataset_request,run_0002,qwen3vl_direct_mcp_fill_only_50_r2_20260727,trial_20260727T154956716445Z,False,False,9,8,4,1,1,0,5,5,False,False,811.044,max_steps_exceeded,max_steps_exceeded,data/model_baselines/qwen3vl_direct_mcp_fill_only_50_r2_20260727/vlm_qwen3_vl_30b_a3b_instruct/dataset_request/run_0002/trial_20260727T154956716445Z/summary.json,870,128,15
direct_mcp_fill_only,Direct MCP (fill-only),direct_mcp,fill_only_done,equipment_checkout,run_0002,qwen3vl_direct_mcp_fill_only_50_r2_20260727,trial_20260727T160327974653Z,True,False,9,8,8,1,1,0,9,9,True,True,475.178,filled_without_submit,,data/model_baselines/qwen3vl_direct_mcp_fill_only_50_r2_20260727/vlm_qwen3_vl_30b_a3b_instruct/equipment_checkout/run_0002/trial_20260727T160327974653Z/summary.json,490,60,15
direct_mcp_fill_only,Direct MCP (fill-only),direct_mcp,fill_only_done,event_rsvp,run_0002,qwen3vl_direct_mcp_fill_only_50_r2_20260727,trial_20260727T161123330505Z,True,False,6,6,6,0,0,0,6,6,True,True,145.214,filled_without_submit,,data/model_baselines/qwen3vl_direct_mcp_fill_only_50_r2_20260727/vlm_qwen3_vl_30b_a3b_instruct/event_rsvp/run_0002/trial_20260727T161123330505Z/summary.json,138,9,10
direct_mcp_fill_only,Direct MCP (fill-only),direct_mcp,fill_only_done,exam_registration,run_0002,qwen3vl_direct_mcp_fill_only_50_r2_20260727,trial_20260727T161348781196Z,False,False,8,7,5,1,0,0,5,5,False,False,11237.883,timeout,timeout,data/model_baselines/qwen3vl_direct_mcp_fill_only_50_r2_20260727/vlm_qwen3_vl_30b_a3b_instruct/exam_registration/run_0002/trial_20260727T161348781196Z/summary.json,321,23,24
direct_mcp_fill_only,Direct MCP (fill-only),direct_mcp,fill_only_done,experiment_booking,run_0002,qwen3vl_direct_mcp_fill_only_50_r2_20260727,trial_20260727T192106867141Z,False,False,9,8,4,1,1,0,5,5,False,False,294.934,done_incomplete_fill_only,done_incomplete_fill_only,data/model_baselines/qwen3vl_direct_mcp_fill_only_50_r2_20260727/vlm_qwen3_vl_30b_a3b_instruct/experiment_booking/run_0002/trial_20260727T192106867141Z/summary.json,275,14,14
direct_mcp_fill_only,Direct MCP (fill-only),direct_mcp,fill_only_done,field_trip,run_0002,qwen3vl_direct_mcp_fill_only_50_r2_20260727,trial_20260727T192601993526Z,False,False,8,7,4,1,0,0,4,4,False,False,11218.358,timeout,timeout,data/model_baselines/qwen3vl_direct_mcp_fill_only_50_r2_20260727/vlm_qwen3_vl_30b_a3b_instruct/field_trip/run_0002/trial_20260727T192601993526Z/summary.json,299,22,23
direct_mcp_fill_only,Direct MCP (fill-only),direct_mcp,fill_only_done,hackathon_signup,run_0002,qwen3vl_direct_mcp_fill_only_50_r2_20260727,trial_20260727T223300571563Z,False,False,9,9,4,0,0,0,4,4,False,False,629.32,max_steps_exceeded,max_steps_exceeded,data/model_baselines/qwen3vl_direct_mcp_fill_only_50_r2_20260727/vlm_qwen3_vl_30b_a3b_instruct/hackathon_signup/run_0002/trial_20260727T223300571563Z/summary.json,700,128,5
direct_mcp_fill_only,Direct MCP (fill-only),direct_mcp,fill_only_done,housing_preference,run_0002,qwen3vl_direct_mcp_fill_only_50_r2_20260727,trial_20260727T224330155089Z,True,False,7,7,7,0,0,0,7,7,True,True,149.365,filled_without_submit,,data/model_baselines/qwen3vl_direct_mcp_fill_only_50_r2_20260727/vlm_qwen3_vl_30b_a3b_instruct/housing_preference/run_0002/trial_20260727T224330155089Z/summary.json,140,8,9
direct_mcp_fill_only,Direct MCP (fill-only),direct_mcp,fill_only_done,internship_app,run_0002,qwen3vl_direct_mcp_fill_only_50_r2_20260727,trial_20260727T224559742400Z,False,False,12,12,4,0,0,0,4,4,False,False,794.156,max_steps_exceeded,max_steps_exceeded,data/model_baselines/qwen3vl_direct_mcp_fill_only_50_r2_20260727/vlm_qwen3_vl_30b_a3b_instruct/internship_app/run_0002/trial_20260727T224559742400Z/summary.json,842,128,11
direct_mcp_fill_only,Direct MCP (fill-only),direct_mcp,fill_only_done,job_fair,run_0002,qwen3vl_direct_mcp_fill_only_50_r2_20260727,trial_20260727T225914093366Z,False,False,9,9,5,0,0,0,5,5,False,False,636.811,max_steps_exceeded,max_steps_exceeded,data/model_baselines/qwen3vl_direct_mcp_fill_only_50_r2_20260727/vlm_qwen3_vl_30b_a3b_instruct/job_fair/run_0002/trial_20260727T225914093366Z/summary.json,729,128,21
direct_mcp_fill_only,Direct MCP (fill-only),direct_mcp,fill_only_done,lab_safety,run_0002,qwen3vl_direct_mcp_fill_only_50_r2_20260727,trial_20260727T230951121583Z,True,False,8,7,7,1,1,0,8,8,True,True,189.307,filled_without_submit,,data/model_baselines/qwen3vl_direct_mcp_fill_only_50_r2_20260727/vlm_qwen3_vl_30b_a3b_instruct/lab_safety/run_0002/trial_20260727T230951121583Z/summary.json,175,9,10
direct_mcp_fill_only,Direct MCP (fill-only),direct_mcp,fill_only_done,lab_visit,run_0002,qwen3vl_direct_mcp_fill_only_50_r2_20260727,trial_20260727T231300669361Z,True,False,8,8,8,0,0,0,8,8,True,True,158.682,filled_without_submit,,data/model_baselines/qwen3vl_direct_mcp_fill_only_50_r2_20260727/vlm_qwen3_vl_30b_a3b_instruct/lab_visit/run_0002/trial_20260727T231300669361Z/summary.json,148,9,10
direct_mcp_fill_only,Direct MCP (fill-only),direct_mcp,fill_only_done,language_exchange,run_0002,qwen3vl_direct_mcp_fill_only_50_r2_20260727,trial_20260727T231539899052Z,False,False,9,9,5,0,0,0,5,5,False,False,271.935,done_incomplete_fill_only,done_incomplete_fill_only,data/model_baselines/qwen3vl_direct_mcp_fill_only_50_r2_20260727/vlm_qwen3_vl_30b_a3b_instruct/language_exchange/run_0002/trial_20260727T231539899052Z/summary.json,256,14,13
direct_mcp_fill_only,Direct MCP (fill-only),direct_mcp,fill_only_done,library_membership,run_0002,qwen3vl_direct_mcp_fill_only_50_r2_20260727,trial_20260727T232012072788Z,True,False,7,7,7,0,0,0,7,7,True,True,140.132,filled_without_submit,,data/model_baselines/qwen3vl_direct_mcp_fill_only_50_r2_20260727/vlm_qwen3_vl_30b_a3b_instruct/library_membership/run_0002/trial_20260727T232012072788Z/summary.json,132,8,9
direct_mcp_fill_only,Direct MCP (fill-only),direct_mcp,fill_only_done,meal_plan,run_0002,qwen3vl_direct_mcp_fill_only_50_r2_20260727,trial_20260727T232232398438Z,False,False,7,7,6,0,0,0,6,6,False,False,660.959,max_steps_exceeded,max_steps_exceeded,data/model_baselines/qwen3vl_direct_mcp_fill_only_50_r2_20260727/vlm_qwen3_vl_30b_a3b_instruct/meal_plan/run_0002/trial_20260727T232232398438Z/summary.json,732,128,9
direct_mcp_fill_only,Direct MCP (fill-only),direct_mcp,fill_only_done,mentor_match,run_0002,qwen3vl_direct_mcp_fill_only_50_r2_20260727,trial_20260727T233333526624Z,False,False,7,7,5,0,0,0,5,5,False,False,2701.707,max_steps_exceeded,max_steps_exceeded,data/model_baselines/qwen3vl_direct_mcp_fill_only_50_r2_20260727/vlm_qwen3_vl_30b_a3b_instruct/mentor_match/run_0002/trial_20260727T233333526624Z/summary.json,2548,128,129
direct_mcp_fill_only,Direct MCP (fill-only),direct_mcp,fill_only_done,newsletter_signup,run_0002,qwen3vl_direct_mcp_fill_only_50_r2_20260727,trial_20260728T001835478960Z,False,False,7,6,3,1,0,0,3,3,False,False,11196.65,timeout,timeout,data/model_baselines/qwen3vl_direct_mcp_fill_only_50_r2_20260727/vlm_qwen3_vl_30b_a3b_instruct/newsletter_signup/run_0002/trial_20260728T001835478960Z/summary.json,292,22,23
direct_mcp_fill_only,Direct MCP (fill-only),direct_mcp,fill_only_done,office_hours,run_0002,qwen3vl_direct_mcp_fill_only_50_r2_20260727,trial_20260728T032512490562Z,True,False,8,7,7,1,1,0,8,8,True,True,191.814,filled_without_submit,,data/model_baselines/qwen3vl_direct_mcp_fill_only_50_r2_20260727/vlm_qwen3_vl_30b_a3b_instruct/office_hours/run_0002/trial_20260728T032512490562Z/summary.json,170,10,11
direct_mcp_fill_only,Direct MCP (fill-only),direct_mcp,fill_only_done,orientation_signup,run_0002,qwen3vl_direct_mcp_fill_only_50_r2_20260727,trial_20260728T032825170317Z,True,False,8,8,8,0,0,0,8,8,True,True,694.341,filled_without_submit,,data/model_baselines/qwen3vl_direct_mcp_fill_only_50_r2_20260727/vlm_qwen3_vl_30b_a3b_instruct/orientation_signup/run_0002/trial_20260728T032825170317Z/summary.json,749,114,15
direct_mcp_fill_only,Direct MCP (fill-only),direct_mcp,fill_only_done,paper_review,run_0002,qwen3vl_direct_mcp_fill_only_50_r2_20260727,trial_20260728T033959756056Z,True,False,7,6,6,1,1,0,7,7,True,True,211.536,filled_without_submit,,data/model_baselines/qwen3vl_direct_mcp_fill_only_50_r2_20260727/vlm_qwen3_vl_30b_a3b_instruct/paper_review/run_0002/trial_20260728T033959756056Z/summary.json,200,11,12
direct_mcp_fill_only,Direct MCP (fill-only),direct_mcp,fill_only_done,peer_evaluation,run_0002,qwen3vl_direct_mcp_fill_only_50_r2_20260727,trial_20260728T034331488109Z,True,False,7,6,6,1,1,0,7,7,True,True,191.806,filled_without_submit,,data/model_baselines/qwen3vl_direct_mcp_fill_only_50_r2_20260727/vlm_qwen3_vl_30b_a3b_instruct/peer_evaluation/run_0002/trial_20260728T034331488109Z/summary.json,180,10,11
direct_mcp_fill_only,Direct MCP (fill-only),direct_mcp,fill_only_done,project_update,run_0002,qwen3vl_direct_mcp_fill_only_50_r2_20260727,trial_20260728T034643499641Z,True,False,8,8,8,0,0,0,8,8,True,True,266.322,filled_without_submit,,data/model_baselines/qwen3vl_direct_mcp_fill_only_50_r2_20260727/vlm_qwen3_vl_30b_a3b_instruct/project_update/run_0002/trial_20260728T034643499641Z/summary.json,254,15,15
direct_mcp_fill_only,Direct MCP (fill-only),direct_mcp,fill_only_done,publication_submission,run_0002,qwen3vl_direct_mcp_fill_only_50_r2_20260727,trial_20260728T035109986377Z,False,False,10,9,4,1,1,0,5,5,False,False,661.197,max_steps_exceeded,max_steps_exceeded,data/model_baselines/qwen3vl_direct_mcp_fill_only_50_r2_20260727/vlm_qwen3_vl_30b_a3b_instruct/publication_submission/run_0002/trial_20260728T035109986377Z/summary.json,737,128,7
direct_mcp_fill_only,Direct MCP (fill-only),direct_mcp,fill_only_done,purchase_request,run_0002,qwen3vl_direct_mcp_fill_only_50_r2_20260727,trial_20260728T040211353870Z,False,False,10,9,3,1,1,0,4,4,False,False,723.139,max_steps_exceeded,max_steps_exceeded,data/model_baselines/qwen3vl_direct_mcp_fill_only_50_r2_20260727/vlm_qwen3_vl_30b_a3b_instruct/purchase_request/run_0002/trial_20260728T040211353870Z/summary.json,780,130,10
direct_mcp_fill_only,Direct MCP (fill-only),direct_mcp,fill_only_done,remote_setup,run_0002,qwen3vl_direct_mcp_fill_only_50_r2_20260727,trial_20260728T041414671924Z,False,False,7,6,6,1,0,0,6,6,False,False,11237.582,timeout,timeout,data/model_baselines/qwen3vl_direct_mcp_fill_only_50_r2_20260727/vlm_qwen3_vl_30b_a3b_instruct/remote_setup/run_0002/trial_20260728T041414671924Z/summary.json,341,26,26
direct_mcp_fill_only,Direct MCP (fill-only),direct_mcp,fill_only_done,research_interest,run_0002,qwen3vl_direct_mcp_fill_only_50_r2_20260727,trial_20260728T072132509309Z,True,False,7,7,7,0,0,0,7,7,True,True,1190.725,filled_without_submit,,data/model_baselines/qwen3vl_direct_mcp_fill_only_50_r2_20260727/vlm_qwen3_vl_30b_a3b_instruct/research_interest/run_0002/trial_20260728T072132509309Z/summary.json,1179,72,58
direct_mcp_fill_only,Direct MCP (fill-only),direct_mcp,fill_only_done,room_booking,run_0002,qwen3vl_direct_mcp_fill_only_50_r2_20260727,trial_20260728T074123434083Z,False,False,9,9,6,0,0,0,6,6,False,False,707.724,max_steps_exceeded,max_steps_exceeded,data/model_baselines/qwen3vl_direct_mcp_fill_only_50_r2_20260727/vlm_qwen3_vl_30b_a3b_instruct/room_booking/run_0002/trial_20260728T074123434083Z/summary.json,784,128,11
direct_mcp_fill_only,Direct MCP (fill-only),direct_mcp,fill_only_done,scholarship_interest,run_0002,qwen3vl_direct_mcp_fill_only_50_r2_20260727,trial_20260728T075311333408Z,True,False,7,6,6,1,1,0,7,7,True,True,169.95,filled_without_submit,,data/model_baselines/qwen3vl_direct_mcp_fill_only_50_r2_20260727/vlm_qwen3_vl_30b_a3b_instruct/scholarship_interest/run_0002/trial_20260728T075311333408Z/summary.json,160,9,10
direct_mcp_fill_only,Direct MCP (fill-only),direct_mcp,fill_only_done,seminar_proposal,run_0002,qwen3vl_direct_mcp_fill_only_50_r2_20260727,trial_20260728T075601446143Z,False,False,8,8,2,0,0,0,2,2,False,False,835.054,max_steps_exceeded,max_steps_exceeded,data/model_baselines/qwen3vl_direct_mcp_fill_only_50_r2_20260727/vlm_qwen3_vl_30b_a3b_instruct/seminar_proposal/run_0002/trial_20260728T075601446143Z/summary.json,897,128,18
direct_mcp_fill_only,Direct MCP (fill-only),direct_mcp,fill_only_done,software_access,run_0002,qwen3vl_direct_mcp_fill_only_50_r2_20260727,trial_20260728T080956668047Z,True,False,8,7,7,1,1,0,8,8,True,True,718.009,filled_without_submit,,data/model_baselines/qwen3vl_direct_mcp_fill_only_50_r2_20260727/vlm_qwen3_vl_30b_a3b_instruct/software_access/run_0002/trial_20260728T080956668047Z/summary.json,790,127,12
direct_mcp_fill_only,Direct MCP (fill-only),direct_mcp,fill_only_done,sports_tournament,run_0002,qwen3vl_direct_mcp_fill_only_50_r2_20260727,trial_20260728T082154853942Z,False,False,9,8,5,1,0,0,5,5,False,False,845.29,max_steps_exceeded,max_steps_exceeded,data/model_baselines/qwen3vl_direct_mcp_fill_only_50_r2_20260727/vlm_qwen3_vl_30b_a3b_instruct/sports_tournament/run_0002/trial_20260728T082154853942Z/summary.json,907,128,18
direct_mcp_fill_only,Direct MCP (fill-only),direct_mcp,fill_only_done,study_group_match,run_0002,qwen3vl_direct_mcp_fill_only_50_r2_20260727,trial_20260728T083600326762Z,False,False,7,7,6,0,0,0,6,6,False,False,2577.335,max_steps_exceeded,max_steps_exceeded,data/model_baselines/qwen3vl_direct_mcp_fill_only_50_r2_20260727/vlm_qwen3_vl_30b_a3b_instruct/study_group_match/run_0002/trial_20260728T083600326762Z/summary.json,2548,128,129
direct_mcp_fill_only,Direct MCP (fill-only),direct_mcp,fill_only_done,survey_consent,run_0002,qwen3vl_direct_mcp_fill_only_50_r2_20260727,trial_20260728T091857865437Z,False,False,8,7,6,1,1,0,7,7,False,False,2339.967,max_steps_exceeded,max_steps_exceeded,data/model_baselines/qwen3vl_direct_mcp_fill_only_50_r2_20260727/vlm_qwen3_vl_30b_a3b_instruct/survey_consent/run_0002/trial_20260728T091857865437Z/summary.json,2317,128,101
direct_mcp_fill_only,Direct MCP (fill-only),direct_mcp,fill_only_done,technical_support,run_0002,qwen3vl_direct_mcp_fill_only_50_r2_20260727,trial_20260728T095758056339Z,True,False,8,7,7,1,1,0,8,8,True,True,264.275,filled_without_submit,,data/model_baselines/qwen3vl_direct_mcp_fill_only_50_r2_20260727/vlm_qwen3_vl_30b_a3b_instruct/technical_support/run_0002/trial_20260728T095758056339Z/summary.json,245,13,14
direct_mcp_fill_only,Direct MCP (fill-only),direct_mcp,fill_only_done,thesis_meeting,run_0002,qwen3vl_direct_mcp_fill_only_50_r2_20260727,trial_20260728T100222552493Z,False,False,8,7,2,1,0,0,2,2,False,False,11162.901,timeout,timeout,data/model_baselines/qwen3vl_direct_mcp_fill_only_50_r2_20260727/vlm_qwen3_vl_30b_a3b_instruct/thesis_meeting/run_0002/trial_20260728T100222552493Z/summary.json,273,20,21
direct_mcp_fill_only,Direct MCP (fill-only),direct_mcp,fill_only_done,travel_reimbursement,run_0002,qwen3vl_direct_mcp_fill_only_50_r2_20260727,trial_20260728T130825648122Z,False,False,11,11,5,0,0,0,5,5,False,False,661.683,max_steps_exceeded,max_steps_exceeded,data/model_baselines/qwen3vl_direct_mcp_fill_only_50_r2_20260727/vlm_qwen3_vl_30b_a3b_instruct/travel_reimbursement/run_0002/trial_20260728T130825648122Z/summary.json,711,128,6
formfactory_style_fill_only,FormFactory-style visual (fill-only),formfactory_style_visual,fill_only_done,accessibility_feedback,run_0002,formfactory_style_qwen3vl_fill_only_50_r2_20260724,trial_20260727T141513951429Z,False,False,8,7,2,1,1,0,3,3,False,False,82.022,loop_stall_terminal,loop_stall_terminal,data/model_baselines/formfactory_style_qwen3vl_fill_only_50_r2_20260724/vlm_qwen3_vl_30b_a3b_instruct_formfactory_style/accessibility_feedback/run_0002/trial_20260727T141513951429Z/summary.json,65,10,7
formfactory_style_fill_only,FormFactory-style visual (fill-only),formfactory_style_visual,fill_only_done,alumni_checkin,run_0002,formfactory_style_qwen3vl_fill_only_50_r2_20260724,trial_20260727T141636278344Z,False,False,7,7,3,0,0,0,3,3,False,False,76.825,loop_stall_terminal,loop_stall_terminal,data/model_baselines/formfactory_style_qwen3vl_fill_only_50_r2_20260724/vlm_qwen3_vl_30b_a3b_instruct_formfactory_style/alumni_checkin/run_0002/trial_20260727T141636278344Z/summary.json,67,11,7
formfactory_style_fill_only,FormFactory-style visual (fill-only),formfactory_style_visual,fill_only_done,bug_report,run_0002,formfactory_style_qwen3vl_fill_only_50_r2_20260724,trial_20260727T141753484832Z,False,False,9,8,2,1,0,0,2,2,False,False,91.237,loop_stall_terminal,loop_stall_terminal,data/model_baselines/formfactory_style_qwen3vl_fill_only_50_r2_20260724/vlm_qwen3_vl_30b_a3b_instruct_formfactory_style/bug_report/run_0002/trial_20260727T141753484832Z/summary.json,85,12,13
formfactory_style_fill_only,FormFactory-style visual (fill-only),formfactory_style_visual,fill_only_done,club_application,run_0002,formfactory_style_qwen3vl_fill_only_50_r2_20260724,trial_20260727T141925131716Z,False,False,10,10,3,0,0,0,3,3,False,False,86.824,loop_stall_terminal,loop_stall_terminal,data/model_baselines/formfactory_style_qwen3vl_fill_only_50_r2_20260724/vlm_qwen3_vl_30b_a3b_instruct_formfactory_style/club_application/run_0002/trial_20260727T141925131716Z/summary.json,78,12,9
formfactory_style_fill_only,FormFactory-style visual (fill-only),formfactory_style_visual,fill_only_done,club_event_planning,run_0002,formfactory_style_qwen3vl_fill_only_50_r2_20260724,trial_20260727T142052417138Z,False,False,10,9,3,1,0,0,3,3,False,False,74.377,loop_stall_terminal,loop_stall_terminal,data/model_baselines/formfactory_style_qwen3vl_fill_only_50_r2_20260724/vlm_qwen3_vl_30b_a3b_instruct_formfactory_style/club_event_planning/run_0002/trial_20260727T142052417138Z/summary.json,66,10,7
formfactory_style_fill_only,FormFactory-style visual (fill-only),formfactory_style_visual,fill_only_done,conf_interest,run_0002,formfactory_style_qwen3vl_fill_only_50_r2_20260724,trial_20260727T142207139003Z,False,False,7,7,3,0,0,0,3,3,False,False,72.669,loop_stall_terminal,loop_stall_terminal,data/model_baselines/formfactory_style_qwen3vl_fill_only_50_r2_20260724/vlm_qwen3_vl_30b_a3b_instruct_formfactory_style/conf_interest/run_0002/trial_20260727T142207139003Z/summary.json,63,10,7
formfactory_style_fill_only,FormFactory-style visual (fill-only),formfactory_style_visual,fill_only_done,conference_travel,run_0002,formfactory_style_qwen3vl_fill_only_50_r2_20260724,trial_20260727T142320072866Z,False,False,10,9,3,1,0,0,3,3,False,False,73.509,loop_stall_terminal,loop_stall_terminal,data/model_baselines/formfactory_style_qwen3vl_fill_only_50_r2_20260724/vlm_qwen3_vl_30b_a3b_instruct_formfactory_style/conference_travel/run_0002/trial_20260727T142320072866Z/summary.json,66,10,7
formfactory_style_fill_only,FormFactory-style visual (fill-only),formfactory_style_visual,fill_only_done,course_enrollment,run_0002,formfactory_style_qwen3vl_fill_only_50_r2_20260724,trial_20260727T142433839929Z,False,False,8,7,3,1,0,0,3,3,False,False,73.044,loop_stall_terminal,loop_stall_terminal,data/model_baselines/formfactory_style_qwen3vl_fill_only_50_r2_20260724/vlm_qwen3_vl_30b_a3b_instruct_formfactory_style/course_enrollment/run_0002/trial_20260727T142433839929Z/summary.json,64,10,7
formfactory_style_fill_only,FormFactory-style visual (fill-only),formfactory_style_visual,fill_only_done,course_feedback,run_0002,formfactory_style_qwen3vl_fill_only_50_r2_20260724,trial_20260727T142547150658Z,False,False,9,9,2,0,0,0,2,2,False,False,64.022,loop_stall_terminal,loop_stall_terminal,data/model_baselines/formfactory_style_qwen3vl_fill_only_50_r2_20260724/vlm_qwen3_vl_30b_a3b_instruct_formfactory_style/course_feedback/run_0002/trial_20260727T142547150658Z/summary.json,55,8,5
formfactory_style_fill_only,FormFactory-style visual (fill-only),formfactory_style_visual,fill_only_done,data_annotation,run_0002,formfactory_style_qwen3vl_fill_only_50_r2_20260724,trial_20260727T142651501062Z,False,False,9,8,3,1,0,0,3,3,False,False,66.798,loop_stall_terminal,loop_stall_terminal,data/model_baselines/formfactory_style_qwen3vl_fill_only_50_r2_20260724/vlm_qwen3_vl_30b_a3b_instruct_formfactory_style/data_annotation/run_0002/trial_20260727T142651501062Z/summary.json,60,9,6
formfactory_style_fill_only,FormFactory-style visual (fill-only),formfactory_style_visual,fill_only_done,dataset_request,run_0002,formfactory_style_qwen3vl_fill_only_50_r2_20260724,trial_20260727T142758570164Z,False,False,9,8,3,1,0,0,3,3,False,False,71.548,loop_stall_terminal,loop_stall_terminal,data/model_baselines/formfactory_style_qwen3vl_fill_only_50_r2_20260724/vlm_qwen3_vl_30b_a3b_instruct_formfactory_style/dataset_request/run_0002/trial_20260727T142758570164Z/summary.json,65,10,7
formfactory_style_fill_only,FormFactory-style visual (fill-only),formfactory_style_visual,fill_only_done,equipment_checkout,run_0002,formfactory_style_qwen3vl_fill_only_50_r2_20260724,trial_20260727T142910389381Z,False,False,9,8,3,1,0,0,3,3,False,False,70.757,loop_stall_terminal,loop_stall_terminal,data/model_baselines/formfactory_style_qwen3vl_fill_only_50_r2_20260724/vlm_qwen3_vl_30b_a3b_instruct_formfactory_style/equipment_checkout/run_0002/trial_20260727T142910389381Z/summary.json,65,10,7
formfactory_style_fill_only,FormFactory-style visual (fill-only),formfactory_style_visual,fill_only_done,event_rsvp,run_0002,formfactory_style_qwen3vl_fill_only_50_r2_20260724,trial_20260727T143021422353Z,False,False,6,6,1,0,0,0,1,1,False,False,75.181,nonprogress_budget_exhausted,nonprogress_budget_exhausted,data/model_baselines/formfactory_style_qwen3vl_fill_only_50_r2_20260724/vlm_qwen3_vl_30b_a3b_instruct_formfactory_style/event_rsvp/run_0002/trial_20260727T143021422353Z/summary.json,72,11,11
formfactory_style_fill_only,FormFactory-style visual (fill-only),formfactory_style_visual,fill_only_done,exam_registration,run_0002,formfactory_style_qwen3vl_fill_only_50_r2_20260724,trial_20260727T143136885179Z,False,False,8,7,3,1,0,0,3,3,False,False,71.107,loop_stall_terminal,loop_stall_terminal,data/model_baselines/formfactory_style_qwen3vl_fill_only_50_r2_20260724/vlm_qwen3_vl_30b_a3b_instruct_formfactory_style/exam_registration/run_0002/trial_20260727T143136885179Z/summary.json,64,10,7
formfactory_style_fill_only,FormFactory-style visual (fill-only),formfactory_style_visual,fill_only_done,experiment_booking,run_0002,formfactory_style_qwen3vl_fill_only_50_r2_20260724,trial_20260727T143248274165Z,False,False,9,8,3,1,0,0,3,3,False,False,71.046,loop_stall_terminal,loop_stall_terminal,data/model_baselines/formfactory_style_qwen3vl_fill_only_50_r2_20260724/vlm_qwen3_vl_30b_a3b_instruct_formfactory_style/experiment_booking/run_0002/trial_20260727T143248274165Z/summary.json,60,9,6
formfactory_style_fill_only,FormFactory-style visual (fill-only),formfactory_style_visual,fill_only_done,field_trip,run_0002,formfactory_style_qwen3vl_fill_only_50_r2_20260724,trial_20260727T143359601684Z,False,False,8,7,3,1,0,0,3,3,False,False,97.375,nonprogress_budget_exhausted,nonprogress_budget_exhausted,data/model_baselines/formfactory_style_qwen3vl_fill_only_50_r2_20260724/vlm_qwen3_vl_30b_a3b_instruct_formfactory_style/field_trip/run_0002/trial_20260727T143359601684Z/summary.json,93,14,15
formfactory_style_fill_only,FormFactory-style visual (fill-only),formfactory_style_visual,fill_only_done,hackathon_signup,run_0002,formfactory_style_qwen3vl_fill_only_50_r2_20260724,trial_20260727T143537257303Z,False,False,9,9,3,0,0,0,3,3,False,False,70.011,loop_stall_terminal,loop_stall_terminal,data/model_baselines/formfactory_style_qwen3vl_fill_only_50_r2_20260724/vlm_qwen3_vl_30b_a3b_instruct_formfactory_style/hackathon_signup/run_0002/trial_20260727T143537257303Z/summary.json,65,10,7
formfactory_style_fill_only,FormFactory-style visual (fill-only),formfactory_style_visual,fill_only_done,housing_preference,run_0002,formfactory_style_qwen3vl_fill_only_50_r2_20260724,trial_20260727T143647553202Z,False,False,7,7,3,0,0,0,3,3,False,False,66.473,loop_stall_terminal,loop_stall_terminal,data/model_baselines/formfactory_style_qwen3vl_fill_only_50_r2_20260724/vlm_qwen3_vl_30b_a3b_instruct_formfactory_style/housing_preference/run_0002/trial_20260727T143647553202Z/summary.json,58,9,6
formfactory_style_fill_only,FormFactory-style visual (fill-only),formfactory_style_visual,fill_only_done,internship_app,run_0002,formfactory_style_qwen3vl_fill_only_50_r2_20260724,trial_20260727T143754317398Z,False,False,12,12,3,0,0,0,3,3,False,False,74.479,loop_stall_terminal,loop_stall_terminal,data/model_baselines/formfactory_style_qwen3vl_fill_only_50_r2_20260724/vlm_qwen3_vl_30b_a3b_instruct_formfactory_style/internship_app/run_0002/trial_20260727T143754317398Z/summary.json,68,10,7
formfactory_style_fill_only,FormFactory-style visual (fill-only),formfactory_style_visual,fill_only_done,job_fair,run_0002,formfactory_style_qwen3vl_fill_only_50_r2_20260724,trial_20260727T143909081449Z,False,False,9,9,3,0,0,0,3,3,False,False,70.665,loop_stall_terminal,loop_stall_terminal,data/model_baselines/formfactory_style_qwen3vl_fill_only_50_r2_20260724/vlm_qwen3_vl_30b_a3b_instruct_formfactory_style/job_fair/run_0002/trial_20260727T143909081449Z/summary.json,60,9,6
formfactory_style_fill_only,FormFactory-style visual (fill-only),formfactory_style_visual,fill_only_done,lab_safety,run_0002,formfactory_style_qwen3vl_fill_only_50_r2_20260724,trial_20260727T144020035467Z,False,False,8,7,2,1,0,0,2,2,False,False,68.451,loop_stall_terminal,loop_stall_terminal,data/model_baselines/formfactory_style_qwen3vl_fill_only_50_r2_20260724/vlm_qwen3_vl_30b_a3b_instruct_formfactory_style/lab_safety/run_0002/trial_20260727T144020035467Z/summary.json,61,8,9
formfactory_style_fill_only,FormFactory-style visual (fill-only),formfactory_style_visual,fill_only_done,lab_visit,run_0002,formfactory_style_qwen3vl_fill_only_50_r2_20260724,trial_20260727T144128771391Z,False,False,8,8,3,0,0,0,3,3,False,False,70.944,loop_stall_terminal,loop_stall_terminal,data/model_baselines/formfactory_style_qwen3vl_fill_only_50_r2_20260724/vlm_qwen3_vl_30b_a3b_instruct_formfactory_style/lab_visit/run_0002/trial_20260727T144128771391Z/summary.json,64,10,7
formfactory_style_fill_only,FormFactory-style visual (fill-only),formfactory_style_visual,fill_only_done,language_exchange,run_0002,formfactory_style_qwen3vl_fill_only_50_r2_20260724,trial_20260727T144240004355Z,False,False,9,9,2,0,0,0,2,2,False,False,86.683,loop_stall_terminal,loop_stall_terminal,data/model_baselines/formfactory_style_qwen3vl_fill_only_50_r2_20260724/vlm_qwen3_vl_30b_a3b_instruct_formfactory_style/language_exchange/run_0002/trial_20260727T144240004355Z/summary.json,81,12,11
formfactory_style_fill_only,FormFactory-style visual (fill-only),formfactory_style_visual,fill_only_done,library_membership,run_0002,formfactory_style_qwen3vl_fill_only_50_r2_20260724,trial_20260727T144406975348Z,False,False,7,7,3,0,0,0,3,3,False,False,67.9,loop_stall_terminal,loop_stall_terminal,data/model_baselines/formfactory_style_qwen3vl_fill_only_50_r2_20260724/vlm_qwen3_vl_30b_a3b_instruct_formfactory_style/library_membership/run_0002/trial_20260727T144406975348Z/summary.json,63,10,7
formfactory_style_fill_only,FormFactory-style visual (fill-only),formfactory_style_visual,fill_only_done,meal_plan,run_0002,formfactory_style_qwen3vl_fill_only_50_r2_20260724,trial_20260727T144515179115Z,False,False,7,7,2,0,0,0,2,2,False,False,52.934,loop_stall_terminal,loop_stall_terminal,data/model_baselines/formfactory_style_qwen3vl_fill_only_50_r2_20260724/vlm_qwen3_vl_30b_a3b_instruct_formfactory_style/meal_plan/run_0002/trial_20260727T144515179115Z/summary.json,47,7,4
formfactory_style_fill_only,FormFactory-style visual (fill-only),formfactory_style_visual,fill_only_done,mentor_match,run_0002,formfactory_style_qwen3vl_fill_only_50_r2_20260724,trial_20260727T144608412455Z,False,False,7,7,3,0,0,0,3,3,False,False,66.815,loop_stall_terminal,loop_stall_terminal,data/model_baselines/formfactory_style_qwen3vl_fill_only_50_r2_20260724/vlm_qwen3_vl_30b_a3b_instruct_formfactory_style/mentor_match/run_0002/trial_20260727T144608412455Z/summary.json,58,9,6
formfactory_style_fill_only,FormFactory-style visual (fill-only),formfactory_style_visual,fill_only_done,newsletter_signup,run_0002,formfactory_style_qwen3vl_fill_only_50_r2_20260724,trial_20260727T144715533573Z,False,False,7,6,1,1,0,0,1,1,False,False,88.375,nonprogress_budget_exhausted,nonprogress_budget_exhausted,data/model_baselines/formfactory_style_qwen3vl_fill_only_50_r2_20260724/vlm_qwen3_vl_30b_a3b_instruct_formfactory_style/newsletter_signup/run_0002/trial_20260727T144715533573Z/summary.json,84,12,13
formfactory_style_fill_only,FormFactory-style visual (fill-only),formfactory_style_visual,fill_only_done,office_hours,run_0002,formfactory_style_qwen3vl_fill_only_50_r2_20260724,trial_20260727T144844216606Z,False,False,8,7,3,1,0,0,3,3,False,False,70.183,loop_stall_terminal,loop_stall_terminal,data/model_baselines/formfactory_style_qwen3vl_fill_only_50_r2_20260724/vlm_qwen3_vl_30b_a3b_instruct_formfactory_style/office_hours/run_0002/trial_20260727T144844216606Z/summary.json,64,10,7
formfactory_style_fill_only,FormFactory-style visual (fill-only),formfactory_style_visual,fill_only_done,orientation_signup,run_0002,formfactory_style_qwen3vl_fill_only_50_r2_20260724,trial_20260727T144954705432Z,False,False,8,8,3,0,0,0,3,3,False,False,70.131,loop_stall_terminal,loop_stall_terminal,data/model_baselines/formfactory_style_qwen3vl_fill_only_50_r2_20260724/vlm_qwen3_vl_30b_a3b_instruct_formfactory_style/orientation_signup/run_0002/trial_20260727T144954705432Z/summary.json,64,10,7
formfactory_style_fill_only,FormFactory-style visual (fill-only),formfactory_style_visual,fill_only_done,paper_review,run_0002,formfactory_style_qwen3vl_fill_only_50_r2_20260724,trial_20260727T145105153866Z,False,False,7,6,2,1,0,0,2,2,False,False,71.048,loop_stall_terminal,loop_stall_terminal,data/model_baselines/formfactory_style_qwen3vl_fill_only_50_r2_20260724/vlm_qwen3_vl_30b_a3b_instruct_formfactory_style/paper_review/run_0002/trial_20260727T145105153866Z/summary.json,66,9,10
formfactory_style_fill_only,FormFactory-style visual (fill-only),formfactory_style_visual,fill_only_done,peer_evaluation,run_0002,formfactory_style_qwen3vl_fill_only_50_r2_20260724,trial_20260727T145216518807Z,False,False,7,6,3,1,0,0,3,3,False,False,68.486,loop_stall_terminal,loop_stall_terminal,data/model_baselines/formfactory_style_qwen3vl_fill_only_50_r2_20260724/vlm_qwen3_vl_30b_a3b_instruct_formfactory_style/peer_evaluation/run_0002/trial_20260727T145216518807Z/summary.json,63,10,7
formfactory_style_fill_only,FormFactory-style visual (fill-only),formfactory_style_visual,fill_only_done,project_update,run_0002,formfactory_style_qwen3vl_fill_only_50_r2_20260724,trial_20260727T145325319323Z,False,False,8,8,2,0,0,0,2,2,False,False,88.137,nonprogress_budget_exhausted,nonprogress_budget_exhausted,data/model_baselines/formfactory_style_qwen3vl_fill_only_50_r2_20260724/vlm_qwen3_vl_30b_a3b_instruct_formfactory_style/project_update/run_0002/trial_20260727T145325319323Z/summary.json,81,12,12
formfactory_style_fill_only,FormFactory-style visual (fill-only),formfactory_style_visual,fill_only_done,publication_submission,run_0002,formfactory_style_qwen3vl_fill_only_50_r2_20260724,trial_20260727T145453770356Z,False,False,10,9,3,1,0,0,3,3,False,False,117.526,loop_stall_terminal,loop_stall_terminal,data/model_baselines/formfactory_style_qwen3vl_fill_only_50_r2_20260724/vlm_qwen3_vl_30b_a3b_instruct_formfactory_style/publication_submission/run_0002/trial_20260727T145453770356Z/summary.json,66,10,7
formfactory_style_fill_only,FormFactory-style visual (fill-only),formfactory_style_visual,fill_only_done,purchase_request,run_0002,formfactory_style_qwen3vl_fill_only_50_r2_20260724,trial_20260727T145651616312Z,False,False,10,9,4,1,1,0,5,5,False,False,142.266,nonprogress_budget_exhausted,nonprogress_budget_exhausted,data/model_baselines/formfactory_style_qwen3vl_fill_only_50_r2_20260724/vlm_qwen3_vl_30b_a3b_instruct_formfactory_style/purchase_request/run_0002/trial_20260727T145651616312Z/summary.json,131,21,20
formfactory_style_fill_only,FormFactory-style visual (fill-only),formfactory_style_visual,fill_only_done,remote_setup,run_0002,formfactory_style_qwen3vl_fill_only_50_r2_20260724,trial_20260727T145914205951Z,False,False,7,6,2,1,0,0,2,2,False,False,84.272,nonprogress_budget_exhausted,nonprogress_budget_exhausted,data/model_baselines/formfactory_style_qwen3vl_fill_only_50_r2_20260724/vlm_qwen3_vl_30b_a3b_instruct_formfactory_style/remote_setup/run_0002/trial_20260727T145914205951Z/summary.json,79,12,12
formfactory_style_fill_only,FormFactory-style visual (fill-only),formfactory_style_visual,fill_only_done,research_interest,run_0002,formfactory_style_qwen3vl_fill_only_50_r2_20260724,trial_20260727T150038803267Z,False,False,7,7,3,0,0,0,3,3,False,False,63.508,loop_stall_terminal,loop_stall_terminal,data/model_baselines/formfactory_style_qwen3vl_fill_only_50_r2_20260724/vlm_qwen3_vl_30b_a3b_instruct_formfactory_style/research_interest/run_0002/trial_20260727T150038803267Z/summary.json,58,9,6
formfactory_style_fill_only,FormFactory-style visual (fill-only),formfactory_style_visual,fill_only_done,room_booking,run_0002,formfactory_style_qwen3vl_fill_only_50_r2_20260724,trial_20260727T150142625716Z,False,False,9,9,2,0,0,0,2,2,False,False,60.633,loop_stall_terminal,loop_stall_terminal,data/model_baselines/formfactory_style_qwen3vl_fill_only_50_r2_20260724/vlm_qwen3_vl_30b_a3b_instruct_formfactory_style/room_booking/run_0002/trial_20260727T150142625716Z/summary.json,54,8,5
formfactory_style_fill_only,FormFactory-style visual (fill-only),formfactory_style_visual,fill_only_done,scholarship_interest,run_0002,formfactory_style_qwen3vl_fill_only_50_r2_20260724,trial_20260727T150243588287Z,False,False,7,6,2,1,1,0,3,3,False,False,70.545,loop_stall_terminal,loop_stall_terminal,data/model_baselines/formfactory_style_qwen3vl_fill_only_50_r2_20260724/vlm_qwen3_vl_30b_a3b_instruct_formfactory_style/scholarship_interest/run_0002/trial_20260727T150243588287Z/summary.json,64,10,7
formfactory_style_fill_only,FormFactory-style visual (fill-only),formfactory_style_visual,fill_only_done,seminar_proposal,run_0002,formfactory_style_qwen3vl_fill_only_50_r2_20260724,trial_20260727T150354461623Z,False,False,8,8,3,0,0,0,3,3,False,False,73.686,loop_stall_terminal,loop_stall_terminal,data/model_baselines/formfactory_style_qwen3vl_fill_only_50_r2_20260724/vlm_qwen3_vl_30b_a3b_instruct_formfactory_style/seminar_proposal/run_0002/trial_20260727T150354461623Z/summary.json,68,11,7
formfactory_style_fill_only,FormFactory-style visual (fill-only),formfactory_style_visual,fill_only_done,software_access,run_0002,formfactory_style_qwen3vl_fill_only_50_r2_20260724,trial_20260727T150508532101Z,False,False,8,7,2,1,1,0,3,3,False,False,73.483,loop_stall_terminal,loop_stall_terminal,data/model_baselines/formfactory_style_qwen3vl_fill_only_50_r2_20260724/vlm_qwen3_vl_30b_a3b_instruct_formfactory_style/software_access/run_0002/trial_20260727T150508532101Z/summary.json,65,10,7
formfactory_style_fill_only,FormFactory-style visual (fill-only),formfactory_style_visual,fill_only_done,sports_tournament,run_0002,formfactory_style_qwen3vl_fill_only_50_r2_20260724,trial_20260727T150622372386Z,False,False,9,8,3,1,1,0,4,4,False,False,115.12,nonprogress_budget_exhausted,nonprogress_budget_exhausted,data/model_baselines/formfactory_style_qwen3vl_fill_only_50_r2_20260724/vlm_qwen3_vl_30b_a3b_instruct_formfactory_style/sports_tournament/run_0002/trial_20260727T150622372386Z/summary.json,110,18,14
formfactory_style_fill_only,FormFactory-style visual (fill-only),formfactory_style_visual,fill_only_done,study_group_match,run_0002,formfactory_style_qwen3vl_fill_only_50_r2_20260724,trial_20260727T150817830998Z,False,False,7,7,3,0,0,0,3,3,False,False,70.156,loop_stall_terminal,loop_stall_terminal,data/model_baselines/formfactory_style_qwen3vl_fill_only_50_r2_20260724/vlm_qwen3_vl_30b_a3b_instruct_formfactory_style/study_group_match/run_0002/trial_20260727T150817830998Z/summary.json,63,10,7
formfactory_style_fill_only,FormFactory-style visual (fill-only),formfactory_style_visual,fill_only_done,survey_consent,run_0002,formfactory_style_qwen3vl_fill_only_50_r2_20260724,trial_20260727T150928338380Z,False,False,8,7,3,1,0,0,3,3,False,False,72.043,loop_stall_terminal,loop_stall_terminal,data/model_baselines/formfactory_style_qwen3vl_fill_only_50_r2_20260724/vlm_qwen3_vl_30b_a3b_instruct_formfactory_style/survey_consent/run_0002/trial_20260727T150928338380Z/summary.json,67,9,10
formfactory_style_fill_only,FormFactory-style visual (fill-only),formfactory_style_visual,fill_only_done,technical_support,run_0002,formfactory_style_qwen3vl_fill_only_50_r2_20260724,trial_20260727T151040756805Z,False,False,8,7,2,1,1,0,3,3,False,False,73.066,loop_stall_terminal,loop_stall_terminal,data/model_baselines/formfactory_style_qwen3vl_fill_only_50_r2_20260724/vlm_qwen3_vl_30b_a3b_instruct_formfactory_style/technical_support/run_0002/trial_20260727T151040756805Z/summary.json,65,10,7
formfactory_style_fill_only,FormFactory-style visual (fill-only),formfactory_style_visual,fill_only_done,thesis_meeting,run_0002,formfactory_style_qwen3vl_fill_only_50_r2_20260724,trial_20260727T151154178254Z,False,False,8,7,2,1,1,0,3,3,False,False,78.534,loop_stall_terminal,loop_stall_terminal,data/model_baselines/formfactory_style_qwen3vl_fill_only_50_r2_20260724/vlm_qwen3_vl_30b_a3b_instruct_formfactory_style/thesis_meeting/run_0002/trial_20260727T151154178254Z/summary.json,70,11,8
formfactory_style_fill_only,FormFactory-style visual (fill-only),formfactory_style_visual,fill_only_done,travel_reimbursement,run_0002,formfactory_style_qwen3vl_fill_only_50_r2_20260724,trial_20260727T151313058378Z,False,False,11,11,3,0,0,0,3,3,False,False,79.892,loop_stall_terminal,loop_stall_terminal,data/model_baselines/formfactory_style_qwen3vl_fill_only_50_r2_20260724/vlm_qwen3_vl_30b_a3b_instruct_formfactory_style/travel_reimbursement/run_0002/trial_20260727T151313058378Z/summary.json,67,10,7
formfactory_style_fill_only,FormFactory-style visual (fill-only),formfactory_style_visual,fill_only_done,usability_test,run_0002,formfactory_style_qwen3vl_fill_only_50_r2_20260724,trial_20260727T151433286295Z,False,False,7,7,3,0,0,0,3,3,False,False,67.917,loop_stall_terminal,loop_stall_terminal,data/model_baselines/formfactory_style_qwen3vl_fill_only_50_r2_20260724/vlm_qwen3_vl_30b_a3b_instruct_formfactory_style/usability_test/run_0002/trial_20260727T151433286295Z/summary.json,58,9,6
formfactory_style_fill_only,FormFactory-style visual (fill-only),formfactory_style_visual,fill_only_done,volunteer_shift,run_0002,formfactory_style_qwen3vl_fill_only_50_r2_20260724,trial_20260727T151541550288Z,False,False,7,7,3,0,0,0,3,3,False,False,69.824,loop_stall_terminal,loop_stall_terminal,data/model_baselines/formfactory_style_qwen3vl_fill_only_50_r2_20260724/vlm_qwen3_vl_30b_a3b_instruct_formfactory_style/volunteer_shift/run_0002/trial_20260727T151541550288Z/summary.json,58,9,6
formfactory_style_fill_only,FormFactory-style visual (fill-only),formfactory_style_visual,fill_only_done,wellbeing_check,run_0002,formfactory_style_qwen3vl_fill_only_50_r2_20260724,trial_20260727T151651723050Z,False,False,7,7,1,0,0,0,1,1,False,False,77.149,nonprogress_budget_exhausted,nonprogress_budget_exhausted,data/model_baselines/formfactory_style_qwen3vl_fill_only_50_r2_20260724/vlm_qwen3_vl_30b_a3b_instruct_formfactory_style/wellbeing_check/run_0002/trial_20260727T151651723050Z/summary.json,66,11,6
formfactory_style_fill_only,FormFactory-style visual (fill-only),formfactory_style_visual,fill_only_done,workshop_signup,run_0002,formfactory_style_qwen3vl_fill_only_50_r2_20260724,trial_20260727T151809226254Z,False,False,7,7,3,0,0,0,3,3,False,False,63.708,loop_stall_terminal,loop_stall_terminal,data/model_baselines/formfactory_style_qwen3vl_fill_only_50_r2_20260724/vlm_qwen3_vl_30b_a3b_instruct_formfactory_style/workshop_signup/run_0002/trial_20260727T151809226254Z/summary.json,58,9,6
direct_mcp_submit,Direct MCP (submit-enabled),direct_mcp,fill_and_submit,accessibility_feedback,run_0002,qwen3vl_direct_mcp_submit_50_r2_20260724,trial_20260727T135946018357Z,True,True,8,7,7,1,1,0,8,8,True,True,197.095,submitted,,data/model_baselines/qwen3vl_direct_mcp_submit_50_r2_20260724/vlm_qwen3_vl_30b_a3b_instruct/accessibility_feedback/run_0002/trial_20260727T135946018357Z/summary.json,158,12,13
direct_mcp_submit,Direct MCP (submit-enabled),direct_mcp,fill_and_submit,alumni_checkin,run_0002,qwen3vl_direct_mcp_submit_50_r2_20260724,trial_20260727T140303355516Z,True,True,7,7,7,0,0,0,7,7,True,True,105.225,submitted,,data/model_baselines/qwen3vl_direct_mcp_submit_50_r2_20260724/vlm_qwen3_vl_30b_a3b_instruct/alumni_checkin/run_0002/trial_20260727T140303355516Z/summary.json,96,8,9
direct_mcp_submit,Direct MCP (submit-enabled),direct_mcp,fill_and_submit,bug_report,run_0002,qwen3vl_direct_mcp_submit_50_r2_20260724,trial_20260727T140448808660Z,True,True,9,8,8,1,1,0,9,9,True,True,134.11,submitted,,data/model_baselines/qwen3vl_direct_mcp_submit_50_r2_20260724/vlm_qwen3_vl_30b_a3b_instruct/bug_report/run_0002/trial_20260727T140448808660Z/summary.json,123,11,12
direct_mcp_submit,Direct MCP (submit-enabled),direct_mcp,fill_and_submit,club_application,run_0002,qwen3vl_direct_mcp_submit_50_r2_20260724,trial_20260727T140703099521Z,False,False,10,10,2,0,0,0,2,2,False,False,2110.628,max_steps_exceeded,max_steps_exceeded,data/model_baselines/qwen3vl_direct_mcp_submit_50_r2_20260724/vlm_qwen3_vl_30b_a3b_instruct/club_application/run_0002/trial_20260727T140703099521Z/summary.json,1987,128,129
direct_mcp_submit,Direct MCP (submit-enabled),direct_mcp,fill_and_submit,club_event_planning,run_0002,qwen3vl_direct_mcp_submit_50_r2_20260724,trial_20260727T144213976789Z,True,True,10,9,2,1,0,0,2,2,False,False,561.696,submitted,,data/model_baselines/qwen3vl_direct_mcp_submit_50_r2_20260724/vlm_qwen3_vl_30b_a3b_instruct/club_event_planning/run_0002/trial_20260727T144213976789Z/summary.json,534,37,38
direct_mcp_submit,Direct MCP (submit-enabled),direct_mcp,fill_and_submit,conf_interest,run_0002,qwen3vl_direct_mcp_submit_50_r2_20260724,trial_20260727T145135893396Z,True,True,7,7,5,0,0,0,5,5,False,False,157.828,submitted,,data/model_baselines/qwen3vl_direct_mcp_submit_50_r2_20260724/vlm_qwen3_vl_30b_a3b_instruct/conf_interest/run_0002/trial_20260727T145135893396Z/summary.json,148,12,13
direct_mcp_submit,Direct MCP (submit-enabled),direct_mcp,fill_and_submit,conference_travel,run_0002,qwen3vl_direct_mcp_submit_50_r2_20260724,trial_20260727T145413956158Z,True,True,10,9,1,1,1,0,2,2,False,False,282.653,submitted,,data/model_baselines/qwen3vl_direct_mcp_submit_50_r2_20260724/vlm_qwen3_vl_30b_a3b_instruct/conference_travel/run_0002/trial_20260727T145413956158Z/summary.json,183,13,14
direct_mcp_submit,Direct MCP (submit-enabled),direct_mcp,fill_and_submit,course_enrollment,run_0002,qwen3vl_direct_mcp_submit_50_r2_20260724,trial_20260727T145856809776Z,True,True,8,7,6,1,1,0,7,7,False,False,1353.812,submitted,,data/model_baselines/qwen3vl_direct_mcp_submit_50_r2_20260724/vlm_qwen3_vl_30b_a3b_instruct/course_enrollment/run_0002/trial_20260727T145856809776Z/summary.json,1321,97,97
direct_mcp_submit,Direct MCP (submit-enabled),direct_mcp,fill_and_submit,course_feedback,run_0002,qwen3vl_direct_mcp_submit_50_r2_20260724,trial_20260727T152130851960Z,True,True,9,9,5,0,0,0,5,5,False,False,180.923,submitted,,data/model_baselines/qwen3vl_direct_mcp_submit_50_r2_20260724/vlm_qwen3_vl_30b_a3b_instruct/course_feedback/run_0002/trial_20260727T152130851960Z/summary.json,163,11,12
direct_mcp_submit,Direct MCP (submit-enabled),direct_mcp,fill_and_submit,data_annotation,run_0002,qwen3vl_direct_mcp_submit_50_r2_20260724,trial_20260727T152432041459Z,True,True,9,8,4,1,1,0,5,5,False,False,501.883,submitted,,data/model_baselines/qwen3vl_direct_mcp_submit_50_r2_20260724/vlm_qwen3_vl_30b_a3b_instruct/data_annotation/run_0002/trial_20260727T152432041459Z/summary.json,183,15,16
direct_mcp_submit,Direct MCP (submit-enabled),direct_mcp,fill_and_submit,dataset_request,run_0002,qwen3vl_direct_mcp_submit_50_r2_20260724,trial_20260727T153254122332Z,True,True,9,8,4,1,1,0,5,5,False,False,221.722,submitted,,data/model_baselines/qwen3vl_direct_mcp_submit_50_r2_20260724/vlm_qwen3_vl_30b_a3b_instruct/dataset_request/run_0002/trial_20260727T153254122332Z/summary.json,203,15,16
direct_mcp_submit,Direct MCP (submit-enabled),direct_mcp,fill_and_submit,equipment_checkout,run_0002,qwen3vl_direct_mcp_submit_50_r2_20260724,trial_20260727T153636017459Z,True,True,9,8,7,1,1,0,8,8,False,False,133.12,submitted,,data/model_baselines/qwen3vl_direct_mcp_submit_50_r2_20260724/vlm_qwen3_vl_30b_a3b_instruct/equipment_checkout/run_0002/trial_20260727T153636017459Z/summary.json,123,11,12
direct_mcp_submit,Direct MCP (submit-enabled),direct_mcp,fill_and_submit,event_rsvp,run_0002,qwen3vl_direct_mcp_submit_50_r2_20260724,trial_20260727T153849309818Z,True,True,6,6,6,0,0,0,6,6,True,True,113.014,submitted,,data/model_baselines/qwen3vl_direct_mcp_submit_50_r2_20260724/vlm_qwen3_vl_30b_a3b_instruct/event_rsvp/run_0002/trial_20260727T153849309818Z/summary.json,107,10,11
direct_mcp_submit,Direct MCP (submit-enabled),direct_mcp,fill_and_submit,exam_registration,run_0002,qwen3vl_direct_mcp_submit_50_r2_20260724,trial_20260727T154042547801Z,False,False,8,7,5,1,0,0,5,5,False,False,11189.404,timeout,timeout,data/model_baselines/qwen3vl_direct_mcp_submit_50_r2_20260724/vlm_qwen3_vl_30b_a3b_instruct/exam_registration/run_0002/trial_20260727T154042547801Z/summary.json,282,23,24
direct_mcp_submit,Direct MCP (submit-enabled),direct_mcp,fill_and_submit,experiment_booking,run_0002,qwen3vl_direct_mcp_submit_50_r2_20260724,trial_20260727T184712216885Z,True,True,9,8,2,1,1,0,3,3,False,False,210.617,submitted,,data/model_baselines/qwen3vl_direct_mcp_submit_50_r2_20260724/vlm_qwen3_vl_30b_a3b_instruct/experiment_booking/run_0002/trial_20260727T184712216885Z/summary.json,178,14,14
direct_mcp_submit,Direct MCP (submit-enabled),direct_mcp,fill_and_submit,field_trip,run_0002,qwen3vl_direct_mcp_submit_50_r2_20260724,trial_20260727T185043277705Z,False,False,8,7,4,1,0,0,4,4,False,False,11163.385,timeout,timeout,data/model_baselines/qwen3vl_direct_mcp_submit_50_r2_20260724/vlm_qwen3_vl_30b_a3b_instruct/field_trip/run_0002/trial_20260727T185043277705Z/summary.json,268,22,23
direct_mcp_submit,Direct MCP (submit-enabled),direct_mcp,fill_and_submit,hackathon_signup,run_0002,qwen3vl_direct_mcp_submit_50_r2_20260724,trial_20260727T215647053339Z,True,True,9,9,5,0,0,0,5,5,False,False,234.261,submitted,,data/model_baselines/qwen3vl_direct_mcp_submit_50_r2_20260724/vlm_qwen3_vl_30b_a3b_instruct/hackathon_signup/run_0002/trial_20260727T215647053339Z/summary.json,213,17,16
direct_mcp_submit,Direct MCP (submit-enabled),direct_mcp,fill_and_submit,housing_preference,run_0002,qwen3vl_direct_mcp_submit_50_r2_20260724,trial_20260727T220041826741Z,True,True,7,7,7,0,0,0,7,7,True,True,118.628,submitted,,data/model_baselines/qwen3vl_direct_mcp_submit_50_r2_20260724/vlm_qwen3_vl_30b_a3b_instruct/housing_preference/run_0002/trial_20260727T220041826741Z/summary.json,109,9,10
direct_mcp_submit,Direct MCP (submit-enabled),direct_mcp,fill_and_submit,internship_app,run_0002,qwen3vl_direct_mcp_submit_50_r2_20260724,trial_20260727T220240788624Z,False,False,12,12,3,0,0,0,3,3,False,False,1163.134,max_steps_exceeded,max_steps_exceeded,data/model_baselines/qwen3vl_direct_mcp_submit_50_r2_20260724/vlm_qwen3_vl_30b_a3b_instruct/internship_app/run_0002/trial_20260727T220240788624Z/summary.json,1100,128,43
direct_mcp_submit,Direct MCP (submit-enabled),direct_mcp,fill_and_submit,job_fair,run_0002,qwen3vl_direct_mcp_submit_50_r2_20260724,trial_20260727T222204175807Z,True,True,9,9,4,0,0,0,4,4,False,False,161.209,submitted,,data/model_baselines/qwen3vl_direct_mcp_submit_50_r2_20260724/vlm_qwen3_vl_30b_a3b_instruct/job_fair/run_0002/trial_20260727T222204175807Z/summary.json,148,12,13
direct_mcp_submit,Direct MCP (submit-enabled),direct_mcp,fill_and_submit,lab_safety,run_0002,qwen3vl_direct_mcp_submit_50_r2_20260724,trial_20260727T222445649168Z,True,True,8,7,7,1,1,0,8,8,True,True,157.088,submitted,,data/model_baselines/qwen3vl_direct_mcp_submit_50_r2_20260724/vlm_qwen3_vl_30b_a3b_instruct/lab_safety/run_0002/trial_20260727T222445649168Z/summary.json,144,11,12
direct_mcp_submit,Direct MCP (submit-enabled),direct_mcp,fill_and_submit,lab_visit,run_0002,qwen3vl_direct_mcp_submit_50_r2_20260724,trial_20260727T222723029098Z,True,True,8,8,8,0,0,0,8,8,True,True,114.12,submitted,,data/model_baselines/qwen3vl_direct_mcp_submit_50_r2_20260724/vlm_qwen3_vl_30b_a3b_instruct/lab_visit/run_0002/trial_20260727T222723029098Z/summary.json,103,10,11
direct_mcp_submit,Direct MCP (submit-enabled),direct_mcp,fill_and_submit,language_exchange,run_0002,qwen3vl_direct_mcp_submit_50_r2_20260724,trial_20260727T222917430878Z,True,True,9,9,4,0,0,0,4,4,False,False,196.427,submitted,,data/model_baselines/qwen3vl_direct_mcp_submit_50_r2_20260724/vlm_qwen3_vl_30b_a3b_instruct/language_exchange/run_0002/trial_20260727T222917430878Z/summary.json,183,13,14
direct_mcp_submit,Direct MCP (submit-enabled),direct_mcp,fill_and_submit,library_membership,run_0002,qwen3vl_direct_mcp_submit_50_r2_20260724,trial_20260727T223234093375Z,True,True,7,7,7,0,0,0,7,7,True,True,108.521,submitted,,data/model_baselines/qwen3vl_direct_mcp_submit_50_r2_20260724/vlm_qwen3_vl_30b_a3b_instruct/library_membership/run_0002/trial_20260727T223234093375Z/summary.json,101,9,10
direct_mcp_submit,Direct MCP (submit-enabled),direct_mcp,fill_and_submit,meal_plan,run_0002,qwen3vl_direct_mcp_submit_50_r2_20260724,trial_20260727T223422854927Z,False,False,7,7,4,0,0,0,4,4,False,False,1684.397,max_steps_exceeded,max_steps_exceeded,data/model_baselines/qwen3vl_direct_mcp_submit_50_r2_20260724/vlm_qwen3_vl_30b_a3b_instruct/meal_plan/run_0002/trial_20260727T223422854927Z/summary.json,1653,128,129
direct_mcp_submit,Direct MCP (submit-enabled),direct_mcp,fill_and_submit,mentor_match,run_0002,qwen3vl_direct_mcp_submit_50_r2_20260724,trial_20260727T230227498525Z,False,False,7,7,5,0,0,0,5,5,False,False,1685.522,max_steps_exceeded,max_steps_exceeded,data/model_baselines/qwen3vl_direct_mcp_submit_50_r2_20260724/vlm_qwen3_vl_30b_a3b_instruct/mentor_match/run_0002/trial_20260727T230227498525Z/summary.json,1653,128,129
direct_mcp_submit,Direct MCP (submit-enabled),direct_mcp,fill_and_submit,newsletter_signup,run_0002,qwen3vl_direct_mcp_submit_50_r2_20260724,trial_20260727T233033417949Z,True,True,7,6,6,1,1,0,7,7,True,True,141.515,submitted,,data/model_baselines/qwen3vl_direct_mcp_submit_50_r2_20260724/vlm_qwen3_vl_30b_a3b_instruct/newsletter_signup/run_0002/trial_20260727T233033417949Z/summary.json,130,10,11
direct_mcp_submit,Direct MCP (submit-enabled),direct_mcp,fill_and_submit,office_hours,run_0002,qwen3vl_direct_mcp_submit_50_r2_20260724,trial_20260727T233255274005Z,True,True,8,7,7,1,1,0,8,8,True,True,319.567,submitted,,data/model_baselines/qwen3vl_direct_mcp_submit_50_r2_20260724/vlm_qwen3_vl_30b_a3b_instruct/office_hours/run_0002/trial_20260727T233255274005Z/summary.json,304,25,25
direct_mcp_submit,Direct MCP (submit-enabled),direct_mcp,fill_and_submit,orientation_signup,run_0002,qwen3vl_direct_mcp_submit_50_r2_20260724,trial_20260727T233815230917Z,False,False,8,8,6,0,0,0,6,6,False,False,2402.659,max_steps_exceeded,max_steps_exceeded,data/model_baselines/qwen3vl_direct_mcp_submit_50_r2_20260724/vlm_qwen3_vl_30b_a3b_instruct/orientation_signup/run_0002/trial_20260727T233815230917Z/summary.json,1770,128,129
direct_mcp_submit,Direct MCP (submit-enabled),direct_mcp,fill_and_submit,paper_review,run_0002,qwen3vl_direct_mcp_submit_50_r2_20260724,trial_20260728T001818296892Z,True,True,7,6,6,1,1,0,7,7,True,True,174.588,submitted,,data/model_baselines/qwen3vl_direct_mcp_submit_50_r2_20260724/vlm_qwen3_vl_30b_a3b_instruct/paper_review/run_0002/trial_20260728T001818296892Z/summary.json,148,12,13
direct_mcp_submit,Direct MCP (submit-enabled),direct_mcp,fill_and_submit,peer_evaluation,run_0002,qwen3vl_direct_mcp_submit_50_r2_20260724,trial_20260728T002113283761Z,False,False,7,6,5,1,0,0,5,5,False,False,11188.871,timeout,timeout,data/model_baselines/qwen3vl_direct_mcp_submit_50_r2_20260724/vlm_qwen3_vl_30b_a3b_instruct/peer_evaluation/run_0002/trial_20260728T002113283761Z/summary.json,296,25,26
direct_mcp_submit,Direct MCP (submit-enabled),direct_mcp,fill_and_submit,project_update,run_0002,qwen3vl_direct_mcp_submit_50_r2_20260724,trial_20260728T032742560253Z,True,True,8,8,7,0,0,0,7,7,False,False,133.87,submitted,,data/model_baselines/qwen3vl_direct_mcp_submit_50_r2_20260724/vlm_qwen3_vl_30b_a3b_instruct/project_update/run_0002/trial_20260728T032742560253Z/summary.json,121,10,11
direct_mcp_submit,Direct MCP (submit-enabled),direct_mcp,fill_and_submit,publication_submission,run_0002,qwen3vl_direct_mcp_submit_50_r2_20260724,trial_20260728T032956862361Z,True,True,10,9,5,1,0,0,5,5,False,False,211.116,submitted,,data/model_baselines/qwen3vl_direct_mcp_submit_50_r2_20260724/vlm_qwen3_vl_30b_a3b_instruct/publication_submission/run_0002/trial_20260728T032956862361Z/summary.json,193,15,16
direct_mcp_submit,Direct MCP (submit-enabled),direct_mcp,fill_and_submit,purchase_request,run_0002,qwen3vl_direct_mcp_submit_50_r2_20260724,trial_20260728T033328345356Z,False,False,10,9,3,1,1,0,4,4,False,False,750.233,max_steps_exceeded,max_steps_exceeded,data/model_baselines/qwen3vl_direct_mcp_submit_50_r2_20260724/vlm_qwen3_vl_30b_a3b_instruct/purchase_request/run_0002/trial_20260728T033328345356Z/summary.json,700,128,11
direct_mcp_submit,Direct MCP (submit-enabled),direct_mcp,fill_and_submit,remote_setup,run_0002,qwen3vl_direct_mcp_submit_50_r2_20260724,trial_20260728T034558974266Z,False,False,7,6,5,1,0,0,5,5,False,False,11175.268,timeout,timeout,data/model_baselines/qwen3vl_direct_mcp_submit_50_r2_20260724/vlm_qwen3_vl_30b_a3b_instruct/remote_setup/run_0002/trial_20260728T034558974266Z/summary.json,283,24,25
direct_mcp_submit,Direct MCP (submit-enabled),direct_mcp,fill_and_submit,research_interest,run_0002,qwen3vl_direct_mcp_submit_50_r2_20260724,trial_20260728T065214737893Z,False,False,7,7,6,0,0,0,6,6,False,False,1667.435,max_steps_exceeded,max_steps_exceeded,data/model_baselines/qwen3vl_direct_mcp_submit_50_r2_20260724/vlm_qwen3_vl_30b_a3b_instruct/research_interest/run_0002/trial_20260728T065214737893Z/summary.json,1629,128,128
direct_mcp_submit,Direct MCP (submit-enabled),direct_mcp,fill_and_submit,room_booking,run_0002,qwen3vl_direct_mcp_submit_50_r2_20260724,trial_20260728T072002891121Z,True,True,9,9,3,0,0,0,3,3,False,False,195.231,submitted,,data/model_baselines/qwen3vl_direct_mcp_submit_50_r2_20260724/vlm_qwen3_vl_30b_a3b_instruct/room_booking/run_0002/trial_20260728T072002891121Z/summary.json,183,15,16
direct_mcp_submit,Direct MCP (submit-enabled),direct_mcp,fill_and_submit,scholarship_interest,run_0002,qwen3vl_direct_mcp_submit_50_r2_20260724,trial_20260728T072318499924Z,False,False,7,6,3,1,1,0,4,4,False,False,552.839,max_steps_exceeded,max_steps_exceeded,data/model_baselines/qwen3vl_direct_mcp_submit_50_r2_20260724/vlm_qwen3_vl_30b_a3b_instruct/scholarship_interest/run_0002/trial_20260728T072318499924Z/summary.json,685,128,129
direct_mcp_submit,Direct MCP (submit-enabled),direct_mcp,fill_and_submit,seminar_proposal,run_0002,qwen3vl_direct_mcp_submit_50_r2_20260724,trial_20260728T073231744585Z,True,True,8,8,2,0,0,0,2,2,False,False,113.075,submitted,,data/model_baselines/qwen3vl_direct_mcp_submit_50_r2_20260724/vlm_qwen3_vl_30b_a3b_instruct/seminar_proposal/run_0002/trial_20260728T073231744585Z/summary.json,103,10,11
direct_mcp_submit,Direct MCP (submit-enabled),direct_mcp,fill_and_submit,software_access,run_0002,qwen3vl_direct_mcp_submit_50_r2_20260724,trial_20260728T073425215327Z,True,True,8,7,7,1,1,0,8,8,True,True,145.738,submitted,,data/model_baselines/qwen3vl_direct_mcp_submit_50_r2_20260724/vlm_qwen3_vl_30b_a3b_instruct/software_access/run_0002/trial_20260728T073425215327Z/summary.json,135,11,12
direct_mcp_submit,Direct MCP (submit-enabled),direct_mcp,fill_and_submit,sports_tournament,run_0002,qwen3vl_direct_mcp_submit_50_r2_20260724,trial_20260728T073651292272Z,False,False,9,8,4,1,0,0,4,4,False,False,1942.166,max_steps_exceeded,max_steps_exceeded,data/model_baselines/qwen3vl_direct_mcp_submit_50_r2_20260724/vlm_qwen3_vl_30b_a3b_instruct/sports_tournament/run_0002/trial_20260728T073651292272Z/summary.json,1895,128,129
direct_mcp_submit,Direct MCP (submit-enabled),direct_mcp,fill_and_submit,study_group_match,run_0002,qwen3vl_direct_mcp_submit_50_r2_20260724,trial_20260728T080913854386Z,False,False,7,7,5,0,0,0,5,5,False,False,1678.642,max_steps_exceeded,max_steps_exceeded,data/model_baselines/qwen3vl_direct_mcp_submit_50_r2_20260724/vlm_qwen3_vl_30b_a3b_instruct/study_group_match/run_0002/trial_20260728T080913854386Z/summary.json,1653,128,129
direct_mcp_submit,Direct MCP (submit-enabled),direct_mcp,fill_and_submit,survey_consent,run_0002,qwen3vl_direct_mcp_submit_50_r2_20260724,trial_20260728T083712900779Z,False,False,8,7,6,1,1,0,7,7,False,False,1815.489,max_steps_exceeded,max_steps_exceeded,data/model_baselines/qwen3vl_direct_mcp_submit_50_r2_20260724/vlm_qwen3_vl_30b_a3b_instruct/survey_consent/run_0002/trial_20260728T083712900779Z/summary.json,1779,128,129
direct_mcp_submit,Direct MCP (submit-enabled),direct_mcp,fill_and_submit,technical_support,run_0002,qwen3vl_direct_mcp_submit_50_r2_20260724,trial_20260728T090728800499Z,False,False,8,7,4,1,1,0,5,5,False,False,1813.408,max_steps_exceeded,max_steps_exceeded,data/model_baselines/qwen3vl_direct_mcp_submit_50_r2_20260724/vlm_qwen3_vl_30b_a3b_instruct/technical_support/run_0002/trial_20260728T090728800499Z/summary.json,1779,128,129
direct_mcp_submit,Direct MCP (submit-enabled),direct_mcp,fill_and_submit,thesis_meeting,run_0002,qwen3vl_direct_mcp_submit_50_r2_20260724,trial_20260728T093742595428Z,False,False,8,7,2,1,0,0,2,2,False,False,11157.314,timeout,timeout,data/model_baselines/qwen3vl_direct_mcp_submit_50_r2_20260724/vlm_qwen3_vl_30b_a3b_instruct/thesis_meeting/run_0002/trial_20260728T093742595428Z/summary.json,258,20,21
direct_mcp_submit,Direct MCP (submit-enabled),direct_mcp,fill_and_submit,travel_reimbursement,run_0002,qwen3vl_direct_mcp_submit_50_r2_20260724,trial_20260728T124340432378Z,False,False,11,11,2,0,0,0,2,2,False,False,2144.475,max_steps_exceeded,max_steps_exceeded,data/model_baselines/qwen3vl_direct_mcp_submit_50_r2_20260724/vlm_qwen3_vl_30b_a3b_instruct/travel_reimbursement/run_0002/trial_20260728T124340432378Z/summary.json,2085,128,129
direct_mcp_submit,Direct MCP (submit-enabled),direct_mcp,fill_and_submit,usability_test,run_0002,qwen3vl_direct_mcp_submit_50_r2_20260724,trial_20260728T131925517111Z,True,True,7,7,6,0,0,0,6,6,False,False,1053.79,submitted,,data/model_baselines/qwen3vl_direct_mcp_submit_50_r2_20260724/vlm_qwen3_vl_30b_a3b_instruct/usability_test/run_0002/trial_20260728T131925517111Z/summary.json,1027,79,80
direct_mcp_submit,Direct MCP (submit-enabled),direct_mcp,fill_and_submit,volunteer_shift,run_0002,qwen3vl_direct_mcp_submit_50_r2_20260724,trial_20260728T133659687366Z,True,True,7,7,6,0,0,0,6,6,False,False,130.202,submitted,,data/model_baselines/qwen3vl_direct_mcp_submit_50_r2_20260724/vlm_qwen3_vl_30b_a3b_instruct/volunteer_shift/run_0002/trial_20260728T133659687366Z/summary.json,122,10,11
direct_mcp_submit,Direct MCP (submit-enabled),direct_mcp,fill_and_submit,wellbeing_check,run_0002,qwen3vl_direct_mcp_submit_50_r2_20260724,trial_20260728T133910220950Z,True,True,7,7,3,0,0,0,3,3,False,False,152.873,submitted,,data/model_baselines/qwen3vl_direct_mcp_submit_50_r2_20260724/vlm_qwen3_vl_30b_a3b_instruct/wellbeing_check/run_0002/trial_20260728T133910220950Z/summary.json,140,12,13
direct_mcp_submit,Direct MCP (submit-enabled),direct_mcp,fill_and_submit,workshop_signup,run_0002,qwen3vl_direct_mcp_submit_50_r2_20260724,trial_20260728T134143411883Z,True,True,7,7,7,0,0,0,7,7,True,True,124.929,submitted,,data/model_baselines/qwen3vl_direct_mcp_submit_50_r2_20260724/vlm_qwen3_vl_30b_a3b_instruct/workshop_signup/run_0002/trial_20260728T134143411883Z/summary.json,117,9,10
formfactory_style_submit,FormFactory-style visual (submit-enabled),formfactory_style_visual,fill_and_submit,accessibility_feedback,run_0002,formfactory_style_qwen3vl_submit_50_r2_20260724,trial_20260727T141514033921Z,False,False,8,7,2,1,1,0,3,3,False,False,80.118,loop_stall_terminal,loop_stall_terminal,data/model_baselines/formfactory_style_qwen3vl_submit_50_r2_20260724/vlm_qwen3_vl_30b_a3b_instruct_formfactory_style/accessibility_feedback/run_0002/trial_20260727T141514033921Z/summary.json,65,10,7
formfactory_style_submit,FormFactory-style visual (submit-enabled),formfactory_style_visual,fill_and_submit,alumni_checkin,run_0002,formfactory_style_qwen3vl_submit_50_r2_20260724,trial_20260727T141634484830Z,False,False,7,7,3,0,0,0,3,3,False,False,70.19,loop_stall_terminal,loop_stall_terminal,data/model_baselines/formfactory_style_qwen3vl_submit_50_r2_20260724/vlm_qwen3_vl_30b_a3b_instruct_formfactory_style/alumni_checkin/run_0002/trial_20260727T141634484830Z/summary.json,67,11,7
formfactory_style_submit,FormFactory-style visual (submit-enabled),formfactory_style_visual,fill_and_submit,bug_report,run_0002,formfactory_style_qwen3vl_submit_50_r2_20260724,trial_20260727T141745090602Z,False,False,9,8,1,1,0,0,1,1,False,False,92.371,nonprogress_budget_exhausted,nonprogress_budget_exhausted,data/model_baselines/formfactory_style_qwen3vl_submit_50_r2_20260724/vlm_qwen3_vl_30b_a3b_instruct_formfactory_style/bug_report/run_0002/trial_20260727T141745090602Z/summary.json,89,14,15
formfactory_style_submit,FormFactory-style visual (submit-enabled),formfactory_style_visual,fill_and_submit,club_application,run_0002,formfactory_style_qwen3vl_submit_50_r2_20260724,trial_20260727T141917854489Z,False,False,10,10,3,0,0,0,3,3,False,False,66.256,loop_stall_terminal,loop_stall_terminal,data/model_baselines/formfactory_style_qwen3vl_submit_50_r2_20260724/vlm_qwen3_vl_30b_a3b_instruct_formfactory_style/club_application/run_0002/trial_20260727T141917854489Z/summary.json,66,10,11
formfactory_style_submit,FormFactory-style visual (submit-enabled),formfactory_style_visual,fill_and_submit,club_event_planning,run_0002,formfactory_style_qwen3vl_submit_50_r2_20260724,trial_20260727T142024570050Z,False,False,10,9,3,1,0,0,3,3,False,False,69.307,loop_stall_terminal,loop_stall_terminal,data/model_baselines/formfactory_style_qwen3vl_submit_50_r2_20260724/vlm_qwen3_vl_30b_a3b_instruct_formfactory_style/club_event_planning/run_0002/trial_20260727T142024570050Z/summary.json,66,10,7
formfactory_style_submit,FormFactory-style visual (submit-enabled),formfactory_style_visual,fill_and_submit,conf_interest,run_0002,formfactory_style_qwen3vl_submit_50_r2_20260724,trial_20260727T142134316934Z,False,False,7,7,2,0,0,0,2,2,False,False,53.619,loop_stall_terminal,loop_stall_terminal,data/model_baselines/formfactory_style_qwen3vl_submit_50_r2_20260724/vlm_qwen3_vl_30b_a3b_instruct_formfactory_style/conf_interest/run_0002/trial_20260727T142134316934Z/summary.json,52,8,5
formfactory_style_submit,FormFactory-style visual (submit-enabled),formfactory_style_visual,fill_and_submit,conference_travel,run_0002,formfactory_style_qwen3vl_submit_50_r2_20260724,trial_20260727T142228234778Z,False,False,10,9,3,1,0,0,3,3,False,False,67.486,loop_stall_terminal,loop_stall_terminal,data/model_baselines/formfactory_style_qwen3vl_submit_50_r2_20260724/vlm_qwen3_vl_30b_a3b_instruct_formfactory_style/conference_travel/run_0002/trial_20260727T142228234778Z/summary.json,66,10,7
formfactory_style_submit,FormFactory-style visual (submit-enabled),formfactory_style_visual,fill_and_submit,course_enrollment,run_0002,formfactory_style_qwen3vl_submit_50_r2_20260724,trial_20260727T142335994477Z,False,False,8,7,3,1,0,0,3,3,False,False,66.259,loop_stall_terminal,loop_stall_terminal,data/model_baselines/formfactory_style_qwen3vl_submit_50_r2_20260724/vlm_qwen3_vl_30b_a3b_instruct_formfactory_style/course_enrollment/run_0002/trial_20260727T142335994477Z/summary.json,64,10,7
formfactory_style_submit,FormFactory-style visual (submit-enabled),formfactory_style_visual,fill_and_submit,course_feedback,run_0002,formfactory_style_qwen3vl_submit_50_r2_20260724,trial_20260727T142442675207Z,False,False,9,9,2,0,0,0,2,2,False,False,58.831,loop_stall_terminal,loop_stall_terminal,data/model_baselines/formfactory_style_qwen3vl_submit_50_r2_20260724/vlm_qwen3_vl_30b_a3b_instruct_formfactory_style/course_feedback/run_0002/trial_20260727T142442675207Z/summary.json,55,8,5
formfactory_style_submit,FormFactory-style visual (submit-enabled),formfactory_style_visual,fill_and_submit,data_annotation,run_0002,formfactory_style_qwen3vl_submit_50_r2_20260724,trial_20260727T142541983783Z,False,False,9,8,3,1,0,0,3,3,False,False,63.635,loop_stall_terminal,loop_stall_terminal,data/model_baselines/formfactory_style_qwen3vl_submit_50_r2_20260724/vlm_qwen3_vl_30b_a3b_instruct_formfactory_style/data_annotation/run_0002/trial_20260727T142541983783Z/summary.json,60,9,6
formfactory_style_submit,FormFactory-style visual (submit-enabled),formfactory_style_visual,fill_and_submit,dataset_request,run_0002,formfactory_style_qwen3vl_submit_50_r2_20260724,trial_20260727T142645940779Z,False,False,9,8,2,1,0,0,2,2,False,False,91.274,nonprogress_budget_exhausted,nonprogress_budget_exhausted,data/model_baselines/formfactory_style_qwen3vl_submit_50_r2_20260724/vlm_qwen3_vl_30b_a3b_instruct_formfactory_style/dataset_request/run_0002/trial_20260727T142645940779Z/summary.json,93,14,13
formfactory_style_submit,FormFactory-style visual (submit-enabled),formfactory_style_visual,fill_and_submit,equipment_checkout,run_0002,formfactory_style_qwen3vl_submit_50_r2_20260724,trial_20260727T142817573382Z,False,False,9,8,2,1,0,0,2,2,False,False,56.818,loop_stall_terminal,loop_stall_terminal,data/model_baselines/formfactory_style_qwen3vl_submit_50_r2_20260724/vlm_qwen3_vl_30b_a3b_instruct_formfactory_style/equipment_checkout/run_0002/trial_20260727T142817573382Z/summary.json,54,8,5
formfactory_style_submit,FormFactory-style visual (submit-enabled),formfactory_style_visual,fill_and_submit,event_rsvp,run_0002,formfactory_style_qwen3vl_submit_50_r2_20260724,trial_20260727T142914708035Z,False,False,6,6,2,0,0,0,2,2,False,False,48.137,loop_stall_terminal,loop_stall_terminal,data/model_baselines/formfactory_style_qwen3vl_submit_50_r2_20260724/vlm_qwen3_vl_30b_a3b_instruct_formfactory_style/event_rsvp/run_0002/trial_20260727T142914708035Z/summary.json,46,7,4
formfactory_style_submit,FormFactory-style visual (submit-enabled),formfactory_style_visual,fill_and_submit,exam_registration,run_0002,formfactory_style_qwen3vl_submit_50_r2_20260724,trial_20260727T143003149882Z,False,False,8,7,3,1,0,0,3,3,False,False,67.514,loop_stall_terminal,loop_stall_terminal,data/model_baselines/formfactory_style_qwen3vl_submit_50_r2_20260724/vlm_qwen3_vl_30b_a3b_instruct_formfactory_style/exam_registration/run_0002/trial_20260727T143003149882Z/summary.json,64,10,7
formfactory_style_submit,FormFactory-style visual (submit-enabled),formfactory_style_visual,fill_and_submit,experiment_booking,run_0002,formfactory_style_qwen3vl_submit_50_r2_20260724,trial_20260727T143110968594Z,False,False,9,8,2,1,0,0,2,2,False,False,81.802,loop_stall_terminal,loop_stall_terminal,data/model_baselines/formfactory_style_qwen3vl_submit_50_r2_20260724/vlm_qwen3_vl_30b_a3b_instruct_formfactory_style/experiment_booking/run_0002/trial_20260727T143110968594Z/summary.json,79,13,8
formfactory_style_submit,FormFactory-style visual (submit-enabled),formfactory_style_visual,fill_and_submit,field_trip,run_0002,formfactory_style_qwen3vl_submit_50_r2_20260724,trial_20260727T143233080372Z,False,False,8,7,3,1,0,0,3,3,False,False,91.514,nonprogress_budget_exhausted,nonprogress_budget_exhausted,data/model_baselines/formfactory_style_qwen3vl_submit_50_r2_20260724/vlm_qwen3_vl_30b_a3b_instruct_formfactory_style/field_trip/run_0002/trial_20260727T143233080372Z/summary.json,93,14,15
formfactory_style_submit,FormFactory-style visual (submit-enabled),formfactory_style_visual,fill_and_submit,hackathon_signup,run_0002,formfactory_style_qwen3vl_submit_50_r2_20260724,trial_20260727T143404930513Z,False,False,9,9,2,0,0,0,2,2,False,False,86.138,loop_stall_terminal,loop_stall_terminal,data/model_baselines/formfactory_style_qwen3vl_submit_50_r2_20260724/vlm_qwen3_vl_30b_a3b_instruct_formfactory_style/hackathon_signup/run_0002/trial_20260727T143404930513Z/summary.json,85,13,11
formfactory_style_submit,FormFactory-style visual (submit-enabled),formfactory_style_visual,fill_and_submit,housing_preference,run_0002,formfactory_style_qwen3vl_submit_50_r2_20260724,trial_20260727T143531382696Z,False,False,7,7,1,0,0,0,1,1,False,False,79.399,nonprogress_budget_exhausted,nonprogress_budget_exhausted,data/model_baselines/formfactory_style_qwen3vl_submit_50_r2_20260724/vlm_qwen3_vl_30b_a3b_instruct_formfactory_style/housing_preference/run_0002/trial_20260727T143531382696Z/summary.json,80,12,11
formfactory_style_submit,FormFactory-style visual (submit-enabled),formfactory_style_visual,fill_and_submit,internship_app,run_0002,formfactory_style_qwen3vl_submit_50_r2_20260724,trial_20260727T143651065317Z,False,False,12,12,2,0,0,0,2,2,False,False,58.158,loop_stall_terminal,loop_stall_terminal,data/model_baselines/formfactory_style_qwen3vl_submit_50_r2_20260724/vlm_qwen3_vl_30b_a3b_instruct_formfactory_style/internship_app/run_0002/trial_20260727T143651065317Z/summary.json,57,8,5
formfactory_style_submit,FormFactory-style visual (submit-enabled),formfactory_style_visual,fill_and_submit,job_fair,run_0002,formfactory_style_qwen3vl_submit_50_r2_20260724,trial_20260727T143749528352Z,False,False,9,9,2,0,0,0,2,2,False,False,78.647,loop_stall_terminal,loop_stall_terminal,data/model_baselines/formfactory_style_qwen3vl_submit_50_r2_20260724/vlm_qwen3_vl_30b_a3b_instruct_formfactory_style/job_fair/run_0002/trial_20260727T143749528352Z/summary.json,74,12,7
formfactory_style_submit,FormFactory-style visual (submit-enabled),formfactory_style_visual,fill_and_submit,lab_safety,run_0002,formfactory_style_qwen3vl_submit_50_r2_20260724,trial_20260727T143908528476Z,False,False,8,7,2,1,0,0,2,2,False,False,54.315,loop_stall_terminal,loop_stall_terminal,data/model_baselines/formfactory_style_qwen3vl_submit_50_r2_20260724/vlm_qwen3_vl_30b_a3b_instruct_formfactory_style/lab_safety/run_0002/trial_20260727T143908528476Z/summary.json,53,8,5
formfactory_style_submit,FormFactory-style visual (submit-enabled),formfactory_style_visual,fill_and_submit,lab_visit,run_0002,formfactory_style_qwen3vl_submit_50_r2_20260724,trial_20260727T144003207309Z,False,False,8,8,1,0,0,0,1,1,False,False,78.926,nonprogress_budget_exhausted,nonprogress_budget_exhausted,data/model_baselines/formfactory_style_qwen3vl_submit_50_r2_20260724/vlm_qwen3_vl_30b_a3b_instruct_formfactory_style/lab_visit/run_0002/trial_20260727T144003207309Z/summary.json,78,12,10
formfactory_style_submit,FormFactory-style visual (submit-enabled),formfactory_style_visual,fill_and_submit,language_exchange,run_0002,formfactory_style_qwen3vl_submit_50_r2_20260724,trial_20260727T144122518457Z,False,False,9,9,5,0,0,0,5,5,False,False,104.393,loop_stall_terminal,loop_stall_terminal,data/model_baselines/formfactory_style_qwen3vl_submit_50_r2_20260724/vlm_qwen3_vl_30b_a3b_instruct_formfactory_style/language_exchange/run_0002/trial_20260727T144122518457Z/summary.json,96,16,11
formfactory_style_submit,FormFactory-style visual (submit-enabled),formfactory_style_visual,fill_and_submit,library_membership,run_0002,formfactory_style_qwen3vl_submit_50_r2_20260724,trial_20260727T144307291243Z,False,False,7,7,2,0,0,0,2,2,False,False,92.541,nonprogress_budget_exhausted,nonprogress_budget_exhausted,data/model_baselines/formfactory_style_qwen3vl_submit_50_r2_20260724/vlm_qwen3_vl_30b_a3b_instruct_formfactory_style/library_membership/run_0002/trial_20260727T144307291243Z/summary.json,89,14,12
formfactory_style_submit,FormFactory-style visual (submit-enabled),formfactory_style_visual,fill_and_submit,meal_plan,run_0002,formfactory_style_qwen3vl_submit_50_r2_20260724,trial_20260727T144440210909Z,False,False,7,7,2,0,0,0,2,2,False,False,52.079,loop_stall_terminal,loop_stall_terminal,data/model_baselines/formfactory_style_qwen3vl_submit_50_r2_20260724/vlm_qwen3_vl_30b_a3b_instruct_formfactory_style/meal_plan/run_0002/trial_20260727T144440210909Z/summary.json,47,7,4
formfactory_style_submit,FormFactory-style visual (submit-enabled),formfactory_style_visual,fill_and_submit,mentor_match,run_0002,formfactory_style_qwen3vl_submit_50_r2_20260724,trial_20260727T144532678063Z,False,False,7,7,3,0,0,0,3,3,False,False,60.741,loop_stall_terminal,loop_stall_terminal,data/model_baselines/formfactory_style_qwen3vl_submit_50_r2_20260724/vlm_qwen3_vl_30b_a3b_instruct_formfactory_style/mentor_match/run_0002/trial_20260727T144532678063Z/summary.json,58,9,6
formfactory_style_submit,FormFactory-style visual (submit-enabled),formfactory_style_visual,fill_and_submit,newsletter_signup,run_0002,formfactory_style_qwen3vl_submit_50_r2_20260724,trial_20260727T144633790952Z,False,False,7,6,1,1,0,0,1,1,False,False,81.897,nonprogress_budget_exhausted,nonprogress_budget_exhausted,data/model_baselines/formfactory_style_qwen3vl_submit_50_r2_20260724/vlm_qwen3_vl_30b_a3b_instruct_formfactory_style/newsletter_signup/run_0002/trial_20260727T144633790952Z/summary.json,80,12,11
formfactory_style_submit,FormFactory-style visual (submit-enabled),formfactory_style_visual,fill_and_submit,office_hours,run_0002,formfactory_style_qwen3vl_submit_50_r2_20260724,trial_20260727T144756075712Z,False,False,8,7,3,1,0,0,3,3,False,False,65.589,loop_stall_terminal,loop_stall_terminal,data/model_baselines/formfactory_style_qwen3vl_submit_50_r2_20260724/vlm_qwen3_vl_30b_a3b_instruct_formfactory_style/office_hours/run_0002/trial_20260727T144756075712Z/summary.json,64,10,7
formfactory_style_submit,FormFactory-style visual (submit-enabled),formfactory_style_visual,fill_and_submit,orientation_signup,run_0002,formfactory_style_qwen3vl_submit_50_r2_20260724,trial_20260727T144902003175Z,False,False,8,8,2,0,0,0,2,2,False,False,87.786,nonprogress_budget_exhausted,nonprogress_budget_exhausted,data/model_baselines/formfactory_style_qwen3vl_submit_50_r2_20260724/vlm_qwen3_vl_30b_a3b_instruct_formfactory_style/orientation_signup/run_0002/trial_20260727T144902003175Z/summary.json,88,14,12
formfactory_style_submit,FormFactory-style visual (submit-enabled),formfactory_style_visual,fill_and_submit,paper_review,run_0002,formfactory_style_qwen3vl_submit_50_r2_20260724,trial_20260727T145030127822Z,False,False,7,6,1,1,0,0,1,1,False,False,71.734,loop_stall_terminal,loop_stall_terminal,data/model_baselines/formfactory_style_qwen3vl_submit_50_r2_20260724/vlm_qwen3_vl_30b_a3b_instruct_formfactory_style/paper_review/run_0002/trial_20260727T145030127822Z/summary.json,68,10,9
formfactory_style_submit,FormFactory-style visual (submit-enabled),formfactory_style_visual,fill_and_submit,peer_evaluation,run_0002,formfactory_style_qwen3vl_submit_50_r2_20260724,trial_20260727T145142243952Z,False,False,7,6,2,1,0,0,2,2,False,False,54.275,loop_stall_terminal,loop_stall_terminal,data/model_baselines/formfactory_style_qwen3vl_submit_50_r2_20260724/vlm_qwen3_vl_30b_a3b_instruct_formfactory_style/peer_evaluation/run_0002/trial_20260727T145142243952Z/summary.json,52,8,5
formfactory_style_submit,FormFactory-style visual (submit-enabled),formfactory_style_visual,fill_and_submit,project_update,run_0002,formfactory_style_qwen3vl_submit_50_r2_20260724,trial_20260727T145236834984Z,False,False,8,8,2,0,0,0,2,2,False,False,53.793,loop_stall_terminal,loop_stall_terminal,data/model_baselines/formfactory_style_qwen3vl_submit_50_r2_20260724/vlm_qwen3_vl_30b_a3b_instruct_formfactory_style/project_update/run_0002/trial_20260727T145236834984Z/summary.json,53,8,5
formfactory_style_submit,FormFactory-style visual (submit-enabled),formfactory_style_visual,fill_and_submit,publication_submission,run_0002,formfactory_style_qwen3vl_submit_50_r2_20260724,trial_20260727T145331059911Z,False,False,10,9,3,1,0,0,3,3,False,False,199.842,loop_stall_terminal,loop_stall_terminal,data/model_baselines/formfactory_style_qwen3vl_submit_50_r2_20260724/vlm_qwen3_vl_30b_a3b_instruct_formfactory_style/publication_submission/run_0002/trial_20260727T145331059911Z/summary.json,66,10,7
formfactory_style_submit,FormFactory-style visual (submit-enabled),formfactory_style_visual,fill_and_submit,purchase_request,run_0002,formfactory_style_qwen3vl_submit_50_r2_20260724,trial_20260727T145651240585Z,False,False,10,9,4,1,1,0,5,5,False,False,134.728,nonprogress_budget_exhausted,nonprogress_budget_exhausted,data/model_baselines/formfactory_style_qwen3vl_submit_50_r2_20260724/vlm_qwen3_vl_30b_a3b_instruct_formfactory_style/purchase_request/run_0002/trial_20260727T145651240585Z/summary.json,134,21,20
formfactory_style_submit,FormFactory-style visual (submit-enabled),formfactory_style_visual,fill_and_submit,remote_setup,run_0002,formfactory_style_qwen3vl_submit_50_r2_20260724,trial_20260727T145906303488Z,False,False,7,6,2,1,0,0,2,2,False,False,81.978,nonprogress_budget_exhausted,nonprogress_budget_exhausted,data/model_baselines/formfactory_style_qwen3vl_submit_50_r2_20260724/vlm_qwen3_vl_30b_a3b_instruct_formfactory_style/remote_setup/run_0002/trial_20260727T145906303488Z/summary.json,80,12,12
formfactory_style_submit,FormFactory-style visual (submit-enabled),formfactory_style_visual,fill_and_submit,research_interest,run_0002,formfactory_style_qwen3vl_submit_50_r2_20260724,trial_20260727T150028632902Z,False,False,7,7,2,0,0,0,2,2,False,False,53.097,loop_stall_terminal,loop_stall_terminal,data/model_baselines/formfactory_style_qwen3vl_submit_50_r2_20260724/vlm_qwen3_vl_30b_a3b_instruct_formfactory_style/research_interest/run_0002/trial_20260727T150028632902Z/summary.json,52,8,5
formfactory_style_submit,FormFactory-style visual (submit-enabled),formfactory_style_visual,fill_and_submit,room_booking,run_0002,formfactory_style_qwen3vl_submit_50_r2_20260724,trial_20260727T150122087357Z,False,False,9,9,1,0,0,0,1,1,False,False,73.235,loop_stall_terminal,loop_stall_terminal,data/model_baselines/formfactory_style_qwen3vl_submit_50_r2_20260724/vlm_qwen3_vl_30b_a3b_instruct_formfactory_style/room_booking/run_0002/trial_20260727T150122087357Z/summary.json,70,10,9
formfactory_style_submit,FormFactory-style visual (submit-enabled),formfactory_style_visual,fill_and_submit,scholarship_interest,run_0002,formfactory_style_qwen3vl_submit_50_r2_20260724,trial_20260727T150235702238Z,False,False,7,6,2,1,1,0,3,3,False,False,69.041,loop_stall_terminal,loop_stall_terminal,data/model_baselines/formfactory_style_qwen3vl_submit_50_r2_20260724/vlm_qwen3_vl_30b_a3b_instruct_formfactory_style/scholarship_interest/run_0002/trial_20260727T150235702238Z/summary.json,68,11,7
formfactory_style_submit,FormFactory-style visual (submit-enabled),formfactory_style_visual,fill_and_submit,seminar_proposal,run_0002,formfactory_style_qwen3vl_submit_50_r2_20260724,trial_20260727T150345099319Z,False,False,8,8,2,0,0,0,2,2,False,False,55.658,loop_stall_terminal,loop_stall_terminal,data/model_baselines/formfactory_style_qwen3vl_submit_50_r2_20260724/vlm_qwen3_vl_30b_a3b_instruct_formfactory_style/seminar_proposal/run_0002/trial_20260727T150345099319Z/summary.json,53,8,5
formfactory_style_submit,FormFactory-style visual (submit-enabled),formfactory_style_visual,fill_and_submit,software_access,run_0002,formfactory_style_qwen3vl_submit_50_r2_20260724,trial_20260727T150441113004Z,False,False,8,7,2,1,1,0,3,3,False,False,72.526,loop_stall_terminal,loop_stall_terminal,data/model_baselines/formfactory_style_qwen3vl_submit_50_r2_20260724/vlm_qwen3_vl_30b_a3b_instruct_formfactory_style/software_access/run_0002/trial_20260727T150441113004Z/summary.json,69,11,7
formfactory_style_submit,FormFactory-style visual (submit-enabled),formfactory_style_visual,fill_and_submit,sports_tournament,run_0002,formfactory_style_qwen3vl_submit_50_r2_20260724,trial_20260727T150554004450Z,False,False,9,8,2,1,0,0,2,2,False,False,55.206,loop_stall_terminal,loop_stall_terminal,data/model_baselines/formfactory_style_qwen3vl_submit_50_r2_20260724/vlm_qwen3_vl_30b_a3b_instruct_formfactory_style/sports_tournament/run_0002/trial_20260727T150554004450Z/summary.json,54,8,5
formfactory_style_submit,FormFactory-style visual (submit-enabled),formfactory_style_visual,fill_and_submit,study_group_match,run_0002,formfactory_style_qwen3vl_submit_50_r2_20260724,trial_20260727T150649566765Z,False,False,7,7,3,0,0,0,3,3,False,False,62.501,loop_stall_terminal,loop_stall_terminal,data/model_baselines/formfactory_style_qwen3vl_submit_50_r2_20260724/vlm_qwen3_vl_30b_a3b_instruct_formfactory_style/study_group_match/run_0002/trial_20260727T150649566765Z/summary.json,63,10,7
formfactory_style_submit,FormFactory-style visual (submit-enabled),formfactory_style_visual,fill_and_submit,survey_consent,run_0002,formfactory_style_qwen3vl_submit_50_r2_20260724,trial_20260727T150752415736Z,False,False,8,7,3,1,0,0,3,3,False,False,67.939,loop_stall_terminal,loop_stall_terminal,data/model_baselines/formfactory_style_qwen3vl_submit_50_r2_20260724/vlm_qwen3_vl_30b_a3b_instruct_formfactory_style/survey_consent/run_0002/trial_20260727T150752415736Z/summary.json,67,9,10
formfactory_style_submit,FormFactory-style visual (submit-enabled),formfactory_style_visual,fill_and_submit,technical_support,run_0002,formfactory_style_qwen3vl_submit_50_r2_20260724,trial_20260727T150900728428Z,False,False,8,7,1,1,1,0,2,2,False,False,95.898,loop_stall_terminal,loop_stall_terminal,data/model_baselines/formfactory_style_qwen3vl_submit_50_r2_20260724/vlm_qwen3_vl_30b_a3b_instruct_formfactory_style/technical_support/run_0002/trial_20260727T150900728428Z/summary.json,92,16,9
formfactory_style_submit,FormFactory-style visual (submit-enabled),formfactory_style_visual,fill_and_submit,thesis_meeting,run_0002,formfactory_style_qwen3vl_submit_50_r2_20260724,trial_20260727T151037038782Z,False,False,8,7,1,1,1,0,2,2,False,False,105.325,nonprogress_budget_exhausted,nonprogress_budget_exhausted,data/model_baselines/formfactory_style_qwen3vl_submit_50_r2_20260724/vlm_qwen3_vl_30b_a3b_instruct_formfactory_style/thesis_meeting/run_0002/trial_20260727T151037038782Z/summary.json,101,17,15
formfactory_style_submit,FormFactory-style visual (submit-enabled),formfactory_style_visual,fill_and_submit,travel_reimbursement,run_0002,formfactory_style_qwen3vl_submit_50_r2_20260724,trial_20260727T151222899875Z,False,False,11,11,2,0,0,0,2,2,False,False,57.601,loop_stall_terminal,loop_stall_terminal,data/model_baselines/formfactory_style_qwen3vl_submit_50_r2_20260724/vlm_qwen3_vl_30b_a3b_instruct_formfactory_style/travel_reimbursement/run_0002/trial_20260727T151222899875Z/summary.json,56,8,5
formfactory_style_submit,FormFactory-style visual (submit-enabled),formfactory_style_visual,fill_and_submit,usability_test,run_0002,formfactory_style_qwen3vl_submit_50_r2_20260724,trial_20260727T151320910095Z,False,False,7,7,1,0,0,0,1,1,False,False,80.792,nonprogress_budget_exhausted,nonprogress_budget_exhausted,data/model_baselines/formfactory_style_qwen3vl_submit_50_r2_20260724/vlm_qwen3_vl_30b_a3b_instruct_formfactory_style/usability_test/run_0002/trial_20260727T151320910095Z/summary.json,78,12,10
formfactory_style_submit,FormFactory-style visual (submit-enabled),formfactory_style_visual,fill_and_submit,volunteer_shift,run_0002,formfactory_style_qwen3vl_submit_50_r2_20260724,trial_20260727T151442059866Z,False,False,7,7,3,0,0,0,3,3,False,False,64.433,loop_stall_terminal,loop_stall_terminal,data/model_baselines/formfactory_style_qwen3vl_submit_50_r2_20260724/vlm_qwen3_vl_30b_a3b_instruct_formfactory_style/volunteer_shift/run_0002/trial_20260727T151442059866Z/summary.json,62,10,6
formfactory_style_submit,FormFactory-style visual (submit-enabled),formfactory_style_visual,fill_and_submit,wellbeing_check,run_0002,formfactory_style_qwen3vl_submit_50_r2_20260724,trial_20260727T151546929410Z,False,False,7,7,2,0,0,0,2,2,False,False,52.685,loop_stall_terminal,loop_stall_terminal,data/model_baselines/formfactory_style_qwen3vl_submit_50_r2_20260724/vlm_qwen3_vl_30b_a3b_instruct_formfactory_style/wellbeing_check/run_0002/trial_20260727T151546929410Z/summary.json,47,7,4
formfactory_style_submit,FormFactory-style visual (submit-enabled),formfactory_style_visual,fill_and_submit,workshop_signup,run_0002,formfactory_style_qwen3vl_submit_50_r2_20260724,trial_20260727T151640006908Z,False,False,7,7,2,0,0,0,2,2,False,False,52.951,loop_stall_terminal,loop_stall_terminal,data/model_baselines/formfactory_style_qwen3vl_submit_50_r2_20260724/vlm_qwen3_vl_30b_a3b_instruct_formfactory_style/workshop_signup/run_0002/trial_20260727T151640006908Z/summary.json,52,8,5
